n;busqueda;municipio;provincia;habitantes;altitud_m;desde_madrid;costa;rasgos;encaja (sí/no)
1;Busco un lugar tranquilo cerca de la costa, con paisajes de montaña, caminos entre olivares y una cala para pasear;Formentera;Baleares;11661;;isla;sí;Litoral de playas y acantilados, isla llana con dunas y bosques mediterráneos, playas de ses Illetes y cala Saona, calas tranquilas y escondidas, turismo como actividad económica principal, fiestas de san Jaime en torno al 25 de julio, escenario de *Lucía y el sexo*;
2;Busco un lugar tranquilo cerca de la costa, con paisajes de montaña, caminos entre olivares y una cala para pasear;Escorca;Baleares;199;481;isla;sí;Costa mediterránea, sierra de Tramontana y altas cumbres, Cala Tuent y La Calobra, torrente de Pareis entre imponentes muros de roca, monasterio de Lluc y peregrinaje, iglesia de San Pedro del siglo XIII, playa concurrida en verano;
3;Busco un lugar tranquilo cerca de la costa, con paisajes de montaña, caminos entre olivares y una cala para pasear;Puerto de la Selva;Girona;1053;12;7,5 h en coche;sí;Costa escarpada del cabo de Creus, calas y aguas cristalinas, playas de arena y piedra, paisaje de mar, viñas y montañas, arquitectura marinera y puerto pesquero, iglesia de Santa María de les Neus, monasterio de San Pedro de Roda, dólmenes megalíticos, paseos junto al mar y por caminos de calas;
4;Busco un lugar tranquilo cerca de la costa, con paisajes de montaña, caminos entre olivares y una cala para pasear;Capdepera;Baleares;13135;111;isla;sí;relieve recortado con numerosas calas, calas de Cala Rajada y Cala Mesquida, centros turísticos costeros, Castillo de Capdepera, Cuevas de Artá en Canyamel;
5;Busco un lugar tranquilo cerca de la costa, con paisajes de montaña, caminos entre olivares y una cala para pasear;Finestrat;Alicante;9919;238;4,5 h en coche;sí;Cala de Finestrat, relieve montañoso y Puig Campana, casas colgantes y calles de origen morisco, castillo almohade y mirador, iglesia barroca de Sant Bertomeu, fiestas mayores y romería de Sant Blai, Terra Mítica;
6;Busco un lugar tranquilo cerca de la costa, con paisajes de montaña, caminos entre olivares y una cala para pasear;Benitachell;Alicante;4911;142;5,0 h en coche;sí;Acantilados sobre el Mediterráneo, submarinismo en cuevas y parajes marinos, cala el Moraig de aguas transparentes y grava, senderos señalizados entre calas, Cova dels Arcs, fiestas patronales con Bous al carrer, Moros y Cristianos, Fiestas de la Rosa y Pa Beneït;
7;Busco un lugar tranquilo cerca de la costa, con paisajes de montaña, caminos entre olivares y una cala para pasear;Santa María del Camino;Baleares;7744;132;isla;no;Vertiente de la sierra de Tramuntana, valle de Orient y torrente de Coanegra, llanura del Raiguer, cultivos de olivar, almendros y algarrobos;
8;Busco un lugar tranquilo cerca de la costa, con paisajes de montaña, caminos entre olivares y una cala para pasear;Portbou;Girona;1131;28;7,5 h en coche;sí;Costa Brava abrupta y montañosa, bahía y playas tranquilas, paseos en llaguts catalanes, iglesia neogótica de Santa María, dolmen del Coll de la Farella, cafeterías y restaurantes junto al paseo marítimo, tramontana fuerte;
9;Busco un lugar tranquilo cerca de la costa, con paisajes de montaña, caminos entre olivares y una cala para pasear;Llanes;Asturias;13486;1177;4,5 h en coche;sí;Costa cantábrica con numerosas playas, playas interiores junto a acantilados, paisaje protegido de la Sierra del Cuera, cerca de los Picos de Europa, patrimonio monumental de iglesias y palacios, puerto con actividad pesquera;
10;Busco un lugar tranquilo cerca de la costa, con paisajes de montaña, caminos entre olivares y una cala para pasear;Aya;Gipuzkoa;2148;;4,0 h en coche;sí;Parque natural de Pagoeta y relieve montañoso, vegas, marismas y humedales del estuario del Oria, biotopo de Iñurritza, arte rupestre y grabados de Altxerri, estación megalítica de Pagoeta, iglesias y ermitas, municipio rural cercano a la costa;
11;pueblo con buena conexión;Olmeda de Cobeta;Guadalajara;56;1147;1,5 h en coche;no;Alto Tajo junto al parque natural, montes de encinas, robles, pinos, sabinas y enebros, monasterio de Santa María de Buenafuente del Sistal, iglesia de Santa María Magdalena, castro de Peña Moñuz, fiestas de San Jorge trasladadas al verano;
12;pueblo con buena conexión;El Viso de San Juan;Toledo;6380;653;0,5 h en coche;no;Castillo de Olmos de estilo musulmán, iglesia de Santa María Magdalena, fiestas de Santa María Magdalena y del Cristo de la Buena Muerte;
13;pueblo con buena conexión;Buenaventura;Toledo;386;436;1,5 h en coche;no;paisaje serrano y de llano, valle del Tiétar, monte de encinas, iglesia de la Santa Cruz, ermitas de San Sebastián y del Buen Suceso, Cruz de mayo, fiestas de San Buenaventura y La Vaquilla;
14;pueblo con buena conexión;Monistrol de Montserrat;Barcelona;3250;161;6,0 h en coche;no;bajo la montaña de Montserrat, el río Llobregat atraviesa el municipio, Cremallera de Montserrat, conexión con los funiculares de la Santa Cova y Sant Joan, enlace con el Aeri de Montserrat;
15;pueblo con buena conexión;Buenache de la Sierra;Cuenca;112;1257;2,0 h en coche;no;;
16;pueblo con buena conexión;Prats de Llusanés;Barcelona;2761;707;6,5 h en coche;no;Iglesia barroca de San Vicente, santuario de la Buena Suerte del siglo XVI, iglesia románica de San Andrés de Llanás, castillo de Quer, santuario de la Virgen de Lourdes, Museo municipal de historia del Llusanés;
17;pueblo con buena conexión;Buenamadre;Salamanca;108;754;2,5 h en coche;no;Comarca del Campo de Salamanca, paisaje del Campo Charro, integrado por las localidades de Aldeávila de Revilla, Buenamadre y Los Campos;
18;pueblo con buena conexión;Buenache de Alarcón;Cuenca;447;817;2,0 h en coche;no;Río Júcar y entorno del embalse de Alarcón, iglesia de San Pedro con ábside medieval y artesonado mudéjar, romería de la Virgen de la Estrella, fiestas patronales en septiembre, manteo de Judas y Los Mayos, jotas y seguidillas;
19;pueblo con buena conexión;Buenavista;Salamanca;368;942;2,0 h en coche;no;Colinas y cerros sobre el valle del Tormes, arroyo de Regato, romería de Santa Isabel, eventos musicales y deportivos, campeonato anual de calva;
20;sitios frescos para escaparse del calor en agosto cerca de madrid;Los Molinos;Madrid;4781;1045;0,5 h en coche;no;En la sierra de Guadarrama, patrimonio religioso, parroquia herreriana, Fuente del León, Plaza de España, cerca del puerto de Navacerrada, esquí y senderismo en los alrededores;
21;sitios frescos para escaparse del calor en agosto cerca de madrid;La Hiruela;Madrid;88;1257;1,0 h en coche;no;;
22;sitios frescos para escaparse del calor en agosto cerca de madrid;Villa del Prado;Madrid;7743;510;0,5 h en coche;no;Iglesia gótica de Santiago Apóstol con frescos y hallazgos históricos, ermitas barrocas, arquitectura popular castellana, río Alberche, parque natural municipal del Gurugú, ruta verde por una antigua vía ferroviaria, empanadas y tortas de Semana Santa, retorcidos y torrijas;
23;sitios frescos para escaparse del calor en agosto cerca de madrid;Horcajuelo de la Sierra;Madrid;104;1144;1,0 h en coche;no;Entorno serrano de la Sierra Norte, iglesia gótica de San Nicolás de Bari, museo etnológico en una casa tradicional, ermita de Nuestra Señora de los Dolores, fiestas de San Antonio y patronales en agosto;
24;sitios frescos para escaparse del calor en agosto cerca de madrid;Casillas;Ávila;673;1012;1,0 h en coche;no;Bosques de castaños y robles en la sierra de Gredos, cerca del nacimiento del Tiétar, patatas revolconas, castañas otoñales, gastronomía montañesa con carnes y productos frescos de la tierra;
25;sitios frescos para escaparse del calor en agosto cerca de madrid;Gascones;Madrid;252;1045;1,0 h en coche;no;;
26;sitios frescos para escaparse del calor en agosto cerca de madrid;La Serna del Monte;Madrid;110;1074;1,0 h en coche;no;Llano en la vertiente sur de Guadarrama, arroyo de las Cárcavas y vías pecuarias, iglesia de San Andrés con retablo barroco, antigua fragua restaurada, Piedra de las Veces, casamata de la Guerra Civil, fiestas de San Agustín el 28 de agosto;
27;sitios frescos para escaparse del calor en agosto cerca de madrid;Villavieja del Lozoya;Madrid;332;1066;1,0 h en coche;no;valle medio del Lozoya y entorno natural, caserío compacto, museo de la Fragua y antiguo lavadero, arco mudéjar de los siglos XIII-XIV, fiestas patronales de agosto y Romería de los Pontones, puches y Día de las Calaveras, jornadas guiadas por la historia y las tradiciones locales;
28;sitios frescos para escaparse del calor en agosto cerca de madrid;El Atazar;Madrid;110;995;1,0 h en coche;no;Montes de Pinilla y sierra de Somosierra, paisaje accidentado, Valle Bajo del Lozoya, Fiesta de la Vaquilla en Carnaval, Santa Catalina de Alejandría, Cruz de Mayo, fiestas de agosto con competiciones deportivas, cine y disfraces;
29;Pueblo junto al río con restaurantes de cocina casera, vinos de la comarca y terrazas para una escapada tranquila;Comares;Málaga;1354;703;5,0 h en coche;no;Balcón de la Axarquía en los Montes de Málaga, paisaje de barrancos y caseríos, río de la Cueva o Benamargosa, aljibes y restos de la alcazaba árabe, iglesia de la Encarnación del siglo XVI, fiestas de San Hilario y de agosto, gazpachuelo y sopa de puchero, vino dulce y migas;
30;Pueblo junto al río con restaurantes de cocina casera, vinos de la comarca y terrazas para una escapada tranquila;Cantagallo;Salamanca;281;932;2,0 h en coche;no;Paisaje de la Sierra de Béjar, Peña Negra y ribera del río Cuerpo de Hombre, iglesia del siglo XVI y ermita del siglo XII, fiestas con verbena y campeonatos, bizcochos y vino, cocina casera salmantina con aires extremeños;
31;Pueblo junto al río con restaurantes de cocina casera, vinos de la comarca y terrazas para una escapada tranquila;Toro;Zamora;8336;735;2,5 h en coche;no;vega y terrazas del Duero, ciudad histórica y monumental, Colegiata de Santa María la Mayor, casco histórico con huellas de distintas épocas, cerro elevado junto al río, viñedos y cultura vitícola, vinos con Denominación de Origen Toro;
32;Pueblo junto al río con restaurantes de cocina casera, vinos de la comarca y terrazas para una escapada tranquila;Laujar de Andarax;Almería;1674;918;5,0 h en coche;no;En la ladera sur de Sierra Nevada, vega del Valle de Laujar y nacimiento del río Andarax, paraje recreativo de El Nacimiento, Casa de los Moya y legado de Pedro Murillo Velarde, mantecados y soplillos de almendra, cocina tradicional alpujarreña, vinos de la IGP Laujar-Alpujarra;
33;Pueblo junto al río con restaurantes de cocina casera, vinos de la comarca y terrazas para una escapada tranquila;Morales de Toro;Zamora;918;705;2,5 h en coche;no;paisaje llano atravesado por el río Bajoz, comarca de Alfoz de Toro, feria de vinos de más de treinta bodegas, fiesta de la vendimia, carros engalanados, exhibición de uvas y primer mosto del año;
34;Pueblo junto al río con restaurantes de cocina casera, vinos de la comarca y terrazas para una escapada tranquila;Carcaboso;Cáceres;1076;297;2,5 h en coche;no;río Jerte, restos romanos junto a la iglesia, iglesia de Santiago Apóstol del siglo XVI, dulces caseros como roscas y buñuelos, pan artesanal en horno de leña, pinchos de callos con morcillas y patatas rebolconas;
35;Pueblo junto al río con restaurantes de cocina casera, vinos de la comarca y terrazas para una escapada tranquila;El Perdigón;Zamora;673;732;2,5 h en coche;no;bodegas subterráneas abiertas como bares y restaurantes, iglesia de San Félix con tablas góticas y retablo barroco, casas blasonadas de piedra, carnes a la brasa y vinos de la tierra, fiestas de San Blas, procesión de Viernes Santo con hogueras en las puertas de las casas;
36;Pueblo junto al río con restaurantes de cocina casera, vinos de la comarca y terrazas para una escapada tranquila;Medina de las Torres;Badajoz;1160;529;4,0 h en coche;no;Dehesas extremeñas, río Bodión y rivera Atarja, casas hidalgas y Casa de la Encomienda, yacimiento romano de Contributa Iulia, rutas de senderismo y observación de aves, romería de San Isidro, cocina con cerdo ibérico, aceite y vinos;
37;Busco un pueblo en una llanura tranquila, con ríos cerca, iglesia antigua y fiestas populares en otoño;Cárcer;Valencia;1795;39;4,0 h en coche;no;Valle entre los ríos Júcar y Sellent, llanura y montañas, desembocadura del Sellent, barrio antiguo de calles adoquinadas, iglesia de la Asunción del siglo XVIII, acueducto de L’Arcà, Fallas, Moros y Cristianos, fiestas patronales en septiembre, processó del farolet de pimentó;
38;Busco un pueblo en una llanura tranquila, con ríos cerca, iglesia antigua y fiestas populares en otoño;Santa María Ribarredonda;Burgos;97;694;3,0 h en coche;no;Llanura de La Bureba entre sierras, montes Obarenses cercanos, ríos Oroncillo, Vallarta y Silanes, fiestas patronales en agosto, fiesta de Las Reliquias en octubre;
39;Busco un pueblo en una llanura tranquila, con ríos cerca, iglesia antigua y fiestas populares en otoño;Miguelturra;Ciudad Real;15924;635;2,0 h en coche;no;Llanura manchega de cultivo con antiguos conos volcánicos, sierras y arroyos, río Guadiana y embalse del Vicario, carnavales de Interés Turístico Nacional, romería de San Isidro, hogueras populares, fiestas patronales de septiembre, iglesia de Nuestra Señora de la Asunción con ábside gótico y añadidos barrocos;
40;Busco un pueblo en una llanura tranquila, con ríos cerca, iglesia antigua y fiestas populares en otoño;Espirdo;Segovia;1613;1062;1,0 h en coche;no;llanuras cerealistas onduladas, río Ciguiñuela y arroyos, rutas ecoturísticas y Camino de San Frutos, ermita románica de Veladiez, iglesia de San Pedro, fiestas de mayo, junio y septiembre, tranquilidad y parajes naturales, agricultura cerealista;
41;Busco un pueblo en una llanura tranquila, con ríos cerca, iglesia antigua y fiestas populares en otoño;Martín Miguel;Segovia;276;970;1,0 h en coche;no;Llanura cultivada, cercanía a los valles del Moros y el Eresma, iglesia gótica de San Bartolomé, artesonado mudéjar y retablo churrigueresco, ermita del Santo Cristo del Humilladero, antiguo pósito y caño del pueblo;
42;Busco un pueblo en una llanura tranquila, con ríos cerca, iglesia antigua y fiestas populares en otoño;Puebla de Yeltes;Salamanca;136;876;2,5 h en coche;no;llanura del Campo Charro, ríos Yeltes y Altejos, puente medieval de dos ojos, restos de un antiguo puente romano, artesonado mudéjar en la iglesia, fiestas de San Gil con verbenas y actividades;
43;Busco un pueblo en una llanura tranquila, con ríos cerca, iglesia antigua y fiestas populares en otoño;Villar de Rena;Badajoz;1326;277;3,0 h en coche;no;Sierra de Rena, ríos Ruecas y Alcollarín, aves entre arrozales y frutales, iglesia tardogótica de San Pedro Apóstol con pinturas murales, La Gira el Lunes de Pascua, fiestas de San Gregorio Nacianceno, Fiesta de Otoño;
44;Busco un pueblo en una llanura tranquila, con ríos cerca, iglesia antigua y fiestas populares en otoño;Vilabella;Tarragona;724;254;5,5 h en coche;no;Cerca del río Gayá, antiguas murallas parcialmente conservadas, iglesia neoclásica de San Pedro, museo etnológico del campesinado catalán, arquitectura civil renacentista de Cal Cristí, fiesta mayor de verano, fiesta del otoño, festival After+ techno;
45;Busco un pueblo en una llanura tranquila, con ríos cerca, iglesia antigua y fiestas populares en otoño;Aguilafuente;Segovia;564;887;1,0 h en coche;no;extensa llanura y pinares, recolección de níscalos en otoño, ruinas romanas y vestigios visigodos, iglesias románicas y mudéjar, representación teatral anual del Sinodal de Aguilafuente, casas señoriales y rejería tradicional;
46;Busco un pueblo en una llanura tranquila, con ríos cerca, iglesia antigua y fiestas populares en otoño;Torreiglesias;Segovia;257;1023;1,0 h en coche;no;zona llana cerca de la sierra de Guadarrama, confluencia de los ríos Viejo y Pirón, iglesia románica, puente romano de Covatillas, fiestas con romería y paella popular junto al río Pirón, celebración de Santa Águeda con bastón de mando para las mujeres;
47;Busco un pueblo en una llanura tranquila, con ríos cerca, iglesia antigua y fiestas populares en otoño;Añe;Segovia;67;878;1,0 h en coche;no;Ribera del río Moros y soto de fresnos centenarios, tranquilidad y observación de aves, pinares y tradición resinera, iglesia gótico-mudéjar y ermita románica, procesión y jotas en la Cruz de Mayo, fiestas de Juventud con campeonatos deportivos, paellada popular y verbena, matanza popular con comida y música;
48;¿Qué pueblo conserva restos de murallas, una capilla antigua y una plaza animada los domingos?;Torrelaguna;Madrid;5081;744;0,5 h en coche;no;llanura junto al valle del Jarama y montañas de la sierra de Las Calerizas, río Jarama, conjunto urbano medieval declarado Monumento Histórico Artístico, iglesia gótica de Santa María Magdalena, plaza Mayor y restos de muralla, fiestas patronales en honor de la Virgen de la Soledad;
49;¿Qué pueblo conserva restos de murallas, una capilla antigua y una plaza animada los domingos?;Gumiel de Mercado;Burgos;376;829;2,0 h en coche;no;rodeado de pinares, río Gromejón, restos de muralla y puertas antiguas, plaza mayor castellana con soportales, iglesias gótica y renacentista, fiestas patronales con verbenas y peñas, romería de San Juan con hoguera y jota popular;
50;¿Qué pueblo conserva restos de murallas, una capilla antigua y una plaza animada los domingos?;Centelles;Barcelona;7864;496;6,5 h en coche;no;punto de encuentro de excursionistas, mercado dominical, iglesia barroca de Santa Coloma, restos de las murallas del castillo, plaza mayor, capilla del Socós, ermita de brujas de San Andrés, cueva de la bruja de Fernando;
51;¿Qué pueblo conserva restos de murallas, una capilla antigua y una plaza animada los domingos?;Cantalapiedra;Salamanca;884;782;2,0 h en coche;no;llanura de campos de trigo, iglesia mudéjar de Santa María del Castillo, Torreón del Deán y antigua muralla, ermita de la Virgen de la Misericordia, plaza Mayor porticada, monasterio del Sagrado Corazón;
52;¿Qué pueblo conserva restos de murallas, una capilla antigua y una plaza animada los domingos?;Almonacid de Zorita;Guadalajara;667;683;1,0 h en coche;no;Río Tajo y embalses de Bolarque y la Bujeda, sierra de Altomira y aves rapaces, patrimonio medieval y plazas porticadas, restos de muralla y puertas históricas, acequias y lavaderos, fiestas de la Virgen de la Luz en septiembre;
53;¿Qué pueblo conserva restos de murallas, una capilla antigua y una plaza animada los domingos?;Cantavieja;Teruel;729;1290;3,5 h en coche;no;paisaje abrupto de barrancos junto al río Cantavieja, casco medieval declarado conjunto histórico-artístico, plaza porticada, iglesias góticas y barrocas y cinco ermitas, restos de murallas y castillo, Museo de las Guerras Carlistas, valioso patrimonio natural;
54;¿Qué pueblo conserva restos de murallas, una capilla antigua y una plaza animada los domingos?;Peñaranda de Duero;Burgos;470;852;2,0 h en coche;no;Castillo medieval con vistas a la vega del Arandilla, muralla con dos puertas conservadas, palacio renacentista de los Condes de Miranda, iglesia de Santa Ana con portada barroca y bustos romanos, antigua botica del siglo XVII con museo en funcionamiento;
55;¿Qué pueblo conserva restos de murallas, una capilla antigua y una plaza animada los domingos?;Falset;Tarragona;2890;364;5,0 h en coche;no;capital del Priorat en la cuenca del río Siurana, restos del castillo y capilla románica, plaza porticada de la Quartera, palacio renacentista de los condes de Prades, iglesia neoclásica de Santa María, fiesta mayor en agosto, encamisada de San Antonio con animales y carros engalanados;
56;plan familiar con castañas asadas y paseo por el monte;Lanzahíta;Ávila;771;447;1,5 h en coche;no;Vertiente sur de la sierra de Gredos y garganta de la Eliza, puente románico e iglesia de San Juan Bautista del siglo XVI, romería del Cristo de la Luz declarada de interés turístico regional, hoguera de San Sebastián, Moragá otoñal con castañas asadas, tortilla de tarallos con espárragos silvestres;
57;plan familiar con castañas asadas y paseo por el monte;Rozas de Puerto Real;Madrid;579;882;1,0 h en coche;no;Relieve montañoso a las faldas de Gredos, bosques singulares de castaños, iglesia de San Juan Bautista, fiestas de Santa Águeda y San Juan, calbotada de castañas asadas, callos a la Roceña, matanza y embutidos tradicionales;
58;plan familiar con castañas asadas y paseo por el monte;Escúzar;Granada;826;866;4,5 h en coche;no;Llanura del Temple al pie de la Sierra de Pera, bosque mediterráneo con encinas y fauna silvestre, barranco de la Chorrera, aljibe árabe del siglo XII y torreón árabe, hogueras y hachos por la Candelaria, hornazos granadinos por San Marcos, fiestas patronales en agosto, castañas asadas en otoño;
59;plan familiar con castañas asadas y paseo por el monte;Segura de Toro;Cáceres;190;636;2,5 h en coche;no;Ladera montañosa de los Montes de Tras la Sierra, gargantas, cascadas y piscina natural, castaños y robledales, toro vetón de granito, restos de castillo y poblado vetón, miradores y castaños singulares del Temblar;
60;plan familiar con castañas asadas y paseo por el monte;Tamames;Salamanca;781;896;2,5 h en coche;no;Sierra de Tamames, ríos Huebra y Yeltes, pastizales y encinares con toro de lidia, iglesia de Nuestra Señora de la Asunción, torreón del siglo X, fiesta infantil de los cencerros, torta y hornazo, magosto con castañas asadas;
61;plan familiar con castañas asadas y paseo por el monte;Valleseco;Las Palmas;3775;1000;isla;no;medianías montañosas, barrancos y pinar, montaña de los Moriscos, fiesta de la Manzana y romería de productos locales, castañas asadas y noches de música parrandera, carnes y guisos canarios, potaje de berros y sopa de cilantro;
62;plan familiar con castañas asadas y paseo por el monte;La Taha;Granada;777;1295;5,0 h en coche;no;Parque nacional y natural de Sierra Nevada, ladera sur con gran biodiversidad y flora endémica, ríos Trevélez, Guadalfeo y Poqueira, caminos reales y escarihuelas, Ruta Medieval de la Alpujarra, puentes históricos, tinaos y lavaderos, fiesta de las castañas con castañas asadas y chapurrao, chiscos de San Antón;
63;plan familiar con castañas asadas y paseo por el monte;Navarrevisca;Ávila;281;1132;1,0 h en coche;no;rutas de senderismo por parajes, arroyos y cerros, puentes, refugios y fuentes restaurados, Moragá con castañas asadas y hogueras, fiestas de la Virgen de las Angustias y San Sebastián, feria de ganado y feria del Hortelano, mercado artesanal con demostraciones de oficios tradicionales;
64;Pueblos con retablos históricos;Villaluenga de la Vega;Palencia;519;916;3,0 h en coche;no;Museo de la Historia de la Radio, iglesia de San Martín de Tours del siglo XVI, retablo mayor renacentista, artesonado y cajonería del siglo XVII;
65;Pueblos con retablos históricos;Fuente del Arco;Badajoz;648;703;4,0 h en coche;no;Fuente histórica con inscripción latina, ermita del siglo XV, pórtico mudéjar, cúpula octogonal, frescos sobre el Génesis, retablo mayor barroco, romería y peregrinaje en mayo;
66;Pueblos con retablos históricos;Adiós;Navarra;194;482;4,0 h en coche;no;Faldas de la sierra del Perdón, paso del Camino de Santiago, iglesia de San Andrés con retablos históricos, crucero de 1897, fiestas antes de la Virgen de Agosto, romería a Santa María de Eunate el 1 de mayo;
67;Pueblos con retablos históricos;Valdescorriel;Zamora;131;730;3,0 h en coche;no;Tierra de Campos, iglesia mudéjar del Salvador, torre troncopiramidal, artesonado y retablo mayor del siglo XV, talla de Santa Marta del siglo XVII, molino histórico junto al río Cea reconstruido para usos culturales, fiesta de Santa Marta el 29 de julio;
68;Pueblos con retablos históricos;Cevico de la Torre;Palencia;464;764;2,0 h en coche;no;iglesias renacentistas y barrocas, escalinata de piedra y esbelta torre, retablos, yeserías y órgano histórico, ermita de la Virgen del Rasedo sobre un cerro;
69;Pueblos con retablos históricos;Montederramo;Ourense;660;904;4,5 h en coche;no;monasterio cisterciense de Santa María, claustro renacentista y retablos herrerianos, bosque de abedules del Bidueiral, rutas de senderismo y bicicleta, caseríos históricos de montaña;
70;Pueblos con retablos históricos;Mainar;Zaragoza;162;866;3,0 h en coche;no;meseta alta y fría, contraste entre altiplano llano y sierras, torre mudéjar de Santa Ana y retablos históricos, ermita románica en ruinas, puente de época de Trajano, molino dieciochesco en funcionamiento, fiestas de agosto y roscones de San Marcos;
71;Pueblos con retablos históricos;Catí;Castellón;719;661;4,0 h en coche;no;Valle del corredor de Catí y sierras del Maestrazgo, iglesia del siglo XIV con retablo de Jacomart, ermitas históricas, romería a San Pedro de Castellfort, aguas de l’Avellà y balneario, paseos y senderismo, cocina tradicional y quesos, equitación y piscina municipal;
72;Pueblos con retablos históricos;Santa Gadea del Cid;Burgos;180;506;3,5 h en coche;no;Conjunto histórico amurallado, castillo y puertas medievales, iglesia gótica con retablo plateresco, ermitas románicas, plaza de arquitectura popular castellana, Cena Medieval tradicional;
73;Pueblos con retablos históricos;Calcena;Zaragoza;65;836;2,5 h en coche;no;Paisaje montañoso y abrupto, valle del río Isuela, parque natural del Moncayo, colegiata románica y mudéjar, retablo renacentista de Jerónimo Cósida, ermitas históricas, salto del Batán y pozas fluviales frescas;
74;Pueblos con retablos históricos;Bienservida;Albacete;548;91;3,0 h en coche;no;Sierra de Alcaraz y valle del río Guadalmena, iglesia de San Bartolomé del siglo XV, retablo histórico-artístico, capilla de la Virgen de Turruchel;
75;Pueblos con retablos históricos;Cala;Huelva;1106;588;4,5 h en coche;no;minas históricas, castillo medieval de la Banda Gallega, retablo mural del siglo XIV, retablo de tablas del siglo XVI, ermita románico-gótica de la Virgen de Cala;
76;Pueblos con retablos históricos;Duruelo;Segovia;172;1014;1,0 h en coche;no;Valle del río Duratón, iglesia de la Natividad declarada Monumento Histórico Artístico, retablo del Maestro de Duruelo, cuadros de Alonso de Herrera;
77;Pueblos con retablos históricos;Cidamón;La Rioja;18;584;3,0 h en coche;no;gran llanura del Valpierre, iglesias y ermita barrocas, retablos y lienzos históricos, caseríos ligados a antiguas explotaciones agrícolas, ruinas de Santo Tomás de Negueruela;
78;Pueblos con retablos históricos;Griñón;Madrid;10799;670;0,5 h en coche;no;Iglesia mudéjar de la Asunción con retablo barroco, convento barroco de las Clarisas, Casa de Formación de La Salle, iglesia historicista del Patronato de San José;
79;ciudad con ambiente nocturno;Pamplona;Navarra;209094;450;4,0 h en coche;no;Río Arga y otros dos ríos, patrimonio monumental y fortificaciones históricas, catedral e iglesias destacadas, Sanfermines y encierros, fiestas del 6 al 14 de julio, centro histórico y ambiente festivo internacional;
80;ciudad con ambiente nocturno;Sangenjo;Pontevedra;17990;;6,0 h en coche;sí;Playas atlánticas de aguas de calidad, surf en La Lanzada, paseos marítimos y calas tranquilas, castros y necrópolis, Torre de A Lanzada, vida nocturna, turismo de playaestival;
81;ciudad con ambiente nocturno;Granada;Granada;233975;693;4,5 h en coche;no;Alhambra, Generalife y Albaicín, catedral renacentista y capilla Real, museos y oferta cultural, entorno de Sierra Nevada, río Genil, ciudad de literatura y ambiente universitario;
82;ciudad con ambiente nocturno;Torremolinos;Málaga;71329;49;5,5 h en coche;sí;playas urbanas de arena oscura y oleaje moderado, sierra de Mijas con monte bajo y pinares, paseo marítimo junto a la punta acantilada, ambiente liberal y cosmopolita, ocio musical y vida nocturna, restaurantes de pescaíto frito en La Carihuela;
83;ciudad con ambiente nocturno;Bujalance;Córdoba;7065;357;3,5 h en coche;no;Campiña de suaves colinas y olivares, arroyo de la Zarzuela y bosque mediterráneo, rutas a pie, en bicicleta o a caballo, casco antiguo barroco de herencia árabe, casas solariegas con escudos, bares y pubs nocturnos;
84;ciudad con ambiente nocturno;Marbella;Málaga;159786;22;5,5 h en coche;sí;Costa mediterránea al pie de la Sierra Blanca, playas urbanas y semiurbanas, Dunas de Artola protegidas, patrimonio arqueológico y museos, festivales de música, ópera, jazz y cine, fiestas nocturnas en Puerto Banús;
85;ciudad con ambiente nocturno;Santa Comba;A Coruña;9442;300;6,5 h en coche;no;Relieve llano con suaves ondulaciones, nacimiento del río Xallas, pesca de trucha y caza, ocio nocturno destacado, numerosos locales de hostelería;
86;Un sitio para ir en kayak por un río y pasar el día al aire libre;Mues;Navarra;80;518;3,5 h en coche;no;valle de La Berrueza, al sur de la Sierra de Codés, río Odrón, museo de esculturas al aire libre de Pablo Nogales, fiestas patronales en septiembre, romería a la Virgen de la Cuesta, tradición del levantamiento del mayo;
87;Un sitio para ir en kayak por un río y pasar el día al aire libre;Castuera;Badajoz;5457;512;3,0 h en coche;no;Embalse del Zújar y actividades al aire libre, iglesia de Santa María Magdalena y ermitas históricas, callejuelas y plazas del barrio del Cerrillo, Museo del Turrón, rafting y canoa, turrón y queso de La Serena, romerías y fiestas patronales, encierros de vaquillas y Salón Ovino;
88;Un sitio para ir en kayak por un río y pasar el día al aire libre;Genalguacil;Málaga;352;500;5,5 h en coche;no;Valle del Genal, cumbres de Sierra Bermeja y río Genal, paraje de Los Reales con pinsapos, pueblo museo de arte al aire libre, sopas de tomate y gazpacho caliente, Feria de San Pedro Mártir, Encuentro de Arte bienal, baño estival en el río;
89;Un sitio para ir en kayak por un río y pasar el día al aire libre;Benifallet;Tarragona;706;19;4,5 h en coche;no;A orillas del Ebro y al pie del macizo de Cardó, kayak por las gargantas del Ebro, cueva Meravelles con estalactitas y estalagmitas, templo románico del siglo XIII, antiguo convento y ermitas de Cardó, fiesta mayor en septiembre, fiesta de los quintos con verbenas populares;
90;Un sitio para ir en kayak por un río y pasar el día al aire libre;Zahara de la Sierra;Cádiz;1344;500;5,5 h en coche;no;Parque natural Sierra de Grazalema, embalse y ríos, senderismo, escalada y kayak, castillo de origen árabe y poblado nazarí, Ruta de los Pueblos Blancos, turismo rural y de aventura;
91;Un sitio para ir en kayak por un río y pasar el día al aire libre;Negreira;A Coruña;6969;297;6,5 h en coche;no;valle del río Barcala, río Tambre y paisaje fluvial, pazos do Cotón y da Albariña, Ponte Maceira, fiestas de San Cristóbal y Santa Margarita, kayak y descenso de cañones, escalada y senderismo;
92;Un sitio para ir en kayak por un río y pasar el día al aire libre;Navarcles;Barcelona;6276;269;6,0 h en coche;no;Ribera del Llobregat y confluencia con el río Calders, numerosas fuentes, Parque del Lago, pesca, kayak, rápel, escalada y tirolina, escenario de parte de *La catedral del mar*;
93;Un sitio para ir en kayak por un río y pasar el día al aire libre;Villanúa;Huesca;569;953;4,5 h en coche;no;Valle pirenaico junto al río Aragón, montañas y paisajes glaciares, cuevas y Foz de Villanúa, casco viejo e iglesia románica, dólmenes y puente medieval, parque de aventura con tirolinas y kayak, pueblos abandonados con ruinas románicas;
94;pueblos cerca de parques naturales;Bayárcal;Almería;294;1258;4,5 h en coche;no;Ladera sur de Sierra Nevada, Parque natural y Parque nacional de Sierra Nevada, fiesta de Moros y cristianos;
95;pueblos cerca de parques naturales;Nafría de Ucero;Soria;35;1026;2,0 h en coche;no;Parte del parque natural del Cañón del Río Lobos, espacio de la Red Natura 2000, fuente romana, casas de piedra, adobe y entramado de madera de enebro;
96;pueblos cerca de parques naturales;Ogíjares;Granada;15239;732;4,5 h en coche;no;Vega de Granada de relieve llano, río Dílar y barranco Hondo, cercanía al parque natural de Sierra Nevada, iglesias mudéjares, yacimiento arqueológico del cerro de San Cristóbal, torreón de Cotilla como espacio cultural y expositivo;
97;pueblos cerca de parques naturales;Polentinos;Palencia;41;1224;3,5 h en coche;no;Montaña palentina, proximidad al parque natural Montaña Palentina, cercanía al embalse de Requejada;
98;pueblos cerca de parques naturales;Entrimo;Ourense;1093;511;5,0 h en coche;no;Parque natural de Baixa Limia-Serra do Xurés, iglesia de Santa María a Real;
99;pueblos cerca de parques naturales;La Peña;Salamanca;69;693;3,0 h en coche;no;Parque natural de Arribes del Duero, gran mole de episienita conocida como La Peña Gorda;
100;pueblos cerca de parques naturales;Arenys de Mar;Barcelona;17042;10;7,0 h en coche;sí;Franja costera y playas extensas de arena gruesa, puerto pesquero y recreativo, cercanía al Montseny y al parque natural del Corredor-Montnegre, Nit de Naps i cols, cercaviles de gigantes, fiestas con música y fuegos artificiales, tradición de los macips y las macipes;
101;pueblos cerca de parques naturales;Cabanes;Castellón;3475;290;4,0 h en coche;sí;Parque Natural del Prat de Cabanes-Torreblanca y barrancos hacia la costa, parte del Parque Natural del Desierto de las Palmas, arco romano y patrimonio medieval, romerías y fiestas con verbenas, bendición de animales y dulces típicos, paella y guiso de carne tombet, tortas de almendra;
102;pueblos cerca de parques naturales;Ponga;Asturias;576;628;4,0 h en coche;no;Parque natural de Ponga, montañas abruptas y valles fluviales, espectaculares paisajes naturales, bosque de Peloño, desfiladero de los Beyos, rutas de montaña y senderismo;
103;pueblos cerca de parques naturales;Bertizarana;Navarra;668;136;4,5 h en coche;no;Valle del Bidasoa y arroyos, montañas circundantes, Parque Natural Señorío de Bértiz;
104;pueblos cerca de parques naturales;Fresneda de la Sierra;Cuenca;42;993;1,5 h en coche;no;Serranía Media, cercanía al parque natural de la Serranía de Cuenca, ruinas del templo de San Miguel, hoguera de San Blas, gachas y calderetas, cenas comunitarias en las fiestas de verano;
105;pueblos cerca de parques naturales;Isla Mayor;Sevilla;5748;5;5,5 h en coche;no;llanura marismeña del río Guadalquivir, cerca del parque natural de Doñana;
106;pueblos cerca de parques naturales;Cañaveral de León;Huelva;389;533;4,5 h en coche;no;En pleno parque natural de la Sierra de Aracena y los Picos de Aroche, entorno de montaña y naturaleza;
107;pueblos cerca de parques naturales;Güéjar Sierra;Granada;2915;1000;4,5 h en coche;no;Parque nacional y natural de Sierra Nevada, cumbres del Veleta y el Mulhacén, nacen los ríos Genil, Guarnón y Real, cerca de la estación de esquí, fiestas patronales de San Roque, Asadura Matancera y mosto de Güéjar Sierra;
108;pueblos cerca de parques naturales;Tragacete;Cuenca;263;1283;2,0 h en coche;no;Serranía Alta, parque natural Serranía de Cuenca;
109;pueblos cerca de parques naturales;Chodos;Castellón;107;1063;3,5 h en coche;no;Senderismo de montaña, Tossal de Marinet, nacimiento cercano del río Lucena, torre del homenaje y restos de murallas, iglesia de San Pedro y ermitas, Parque natural del Peñagolosa, fiestas patronales de San Cristóbal en agosto;
110;pueblos cerca de parques naturales;La Zarza de Pumareda;Salamanca;131;700;3,0 h en coche;no;parte del parque natural de Arribes del Duero, espacio natural protegido, entorno de gran valor ambiental, atractivo turístico del parque natural;
111;pueblos cerca de parques naturales;Cumbres Mayores;Huelva;1708;711;4,5 h en coche;no;Paisaje montañoso en Sierra Morena, parque natural de Sierra de Aracena y Picos de Aroche, barranco de Riofrío y río Múrtigas, Castillo de Sancho el Bravo, conjunto megalítico de cerca de cuarenta menhires, lavas almohadilladas de antiguo origen volcánico;
112;pueblos cerca de parques naturales;Somiedo;Asturias;1031;;4,5 h en coche;no;Parque natural y reserva de la biosfera, relieve montañoso y desfiladeros, brañas y cabañas tradicionales de teito, iglesias y palacios históricos, castillo en ruinas y puente medieval, museo etnográfico y centro de interpretación del parque;
113;pueblos cerca de parques naturales;Cumbres de Enmedio;Huelva;54;593;4,5 h en coche;no;cerros, lomas y barrancos de Sierra Morena, integrado en el parque natural Sierra de Aracena y Picos de Aroche, arroyo del Sillo como límite natural con Extremadura;
114;Pueblo pequeño rodeado de bosques y montañas;Gaviria;Gipuzkoa;519;414;4,0 h en coche;no;río Eztanda, rodeado de montañas, bosques, prados;
115;Pueblo pequeño rodeado de bosques y montañas;San Julián de Cerdañola;Barcelona;234;954;6,5 h en coche;no;pequeño valle rodeado de montañas, bosques de pino silvestre, hayedos y robledales, acequia del Albiol y Torrentera, entorno de interés paisajístico y botánico, Ermita de les Esposes, Iglesia de San Julián;
116;Pueblo pequeño rodeado de bosques y montañas;Cortézubi;Bizkaia;447;6;4,0 h en coche;no;Cueva de Santimamiñe, bosque de Oma, marisma de Urdaibai, barrios en hoyas rodeadas de montes;
117;Pueblo pequeño rodeado de bosques y montañas;Muriel Viejo;Soria;73;1090;2,0 h en coche;no;valle fluvial rodeado de picos, bosques de robles y pinos y cimas con sabinas, restos de una iglesia románica, estela medieval;
118;Pueblo pequeño rodeado de bosques y montañas;Linares de Mora;Teruel;242;1311;3,5 h en coche;no;En plena sierra de Gúdar, asentamiento rocoso, rodeado de montañas, junto al río Linares;
119;Pueblo pequeño rodeado de bosques y montañas;Pardos;Guadalajara;33;1185;2,0 h en coche;no;Montes de encina, roble y sabinas, entorno rural rodeado de pequeñas localidades en Guadalajara;
120;Pueblo pequeño rodeado de bosques y montañas;Alobras;Teruel;63;1100;2,5 h en coche;no;Entorno rodeado de montañas, árboles monumentales: carrasca, olmo, pino, quejigos y sabina singular;
121;Pueblo pequeño rodeado de bosques y montañas;Aldeanueva de la Sierra;Salamanca;88;981;2,5 h en coche;no;Pueblo rodeado de montes, río Lumbralejo, paisajes de la Sierra de Francia y Las Quilamas, montañas de cimas redondeadas y llanas, afloramientos de pizarra, cuarcita y granito.;
122;Pueblo pequeño rodeado de bosques y montañas;Broto;Huesca;615;905;5,0 h en coche;no;valle recorrido por el río Ara y rodeado de montañas pirenaicas, Palotiau durante la Fiesta Mayor, romerías a ermitas medievales, feria de ganadería del valle;
123;Pueblo pequeño rodeado de bosques y montañas;Garay;Bizkaia;332;300;4,0 h en coche;no;faldas del monte Oiz, bosques y campos de pasto, miradores sobre el valle del Ibaizabal y los montes del Duranguesado, iglesias del siglo XVI, ermita románica de Momoitio y necrópolis medieval, pequeñas centrales hidroeléctricas;
124;Pueblo pequeño rodeado de bosques y montañas;La Póveda de Soria;Soria;108;1294;2,5 h en coche;no;montañas y pequeños valles junto al río Tera, fiestas de San Salvador en agosto, caldereta tradicional en homenaje a los pastores, bosquete de robles, hayas y acebos;
125;mercados gastronómicos y bodegas cerca de rutas de senderismo;Recuerda;Soria;61;897;1,5 h en coche;no;bosque de enebros y sabinas, rutas de senderismo y BTT, etapa del Camino del Cid, iglesia de San Bernabé del siglo XVI, poblado de unas 200 bodegas, fiestas de San Bernabé en agosto, celebraciones de Las Matanzas y Las Águedas;
126;mercados gastronómicos y bodegas cerca de rutas de senderismo;Corrales de Duero;Valladolid;104;806;2,0 h en coche;no;Valle del Cuco, senderos entre encinas y robles, fuentes y manantiales, vistas desde el páramo, rutas de senderismo, bodegas subterráneas, iglesia románica con campanario mudéjar, zona recreativa de El Prado;
127;mercados gastronómicos y bodegas cerca de rutas de senderismo;Hoyales de Roa;Burgos;208;794;1,5 h en coche;no;Ribera del Duero, río Riaza cercano, torre monumental del siglo XV, iglesia tardobarroca de San Bartolomé, más de un centenar de bodegas, tortos de uva en vendimia, lechazo asado, fiestas de San Bartolomé y la Virgen de Arriba;
128;mercados gastronómicos y bodegas cerca de rutas de senderismo;Petín;Ourense;856;300;4,5 h en coche;no;Valle del Sil, puente romano de la Cigarrosa, ermita y puente dieciochesco de Portomourisco, feria histórica ambientada en el siglo XIX, rutas de bodegas con vino y pinchos, magosto y Festa da Freba;
129;mercados gastronómicos y bodegas cerca de rutas de senderismo;Aranda de Duero;Burgos;33956;798;2,0 h en coche;no;Bodegas subterráneas medievales, iglesias históricas y museo sacro, Semana Santa de Interés Turístico Regional, Sonorama Ribera, vinos Ribera del Duero, lechazo asado y morcilla de Aranda, rutas de senderismo por la Ribera del Duero;
130;mercados gastronómicos y bodegas cerca de rutas de senderismo;Orcheta;Alicante;906;177;4,5 h en coche;no;Relieve montañoso entre las sierras de Orcheta y Relleu, ríos Sella y Amadorio, pantano del Amadorio, ruinas del castillo musulmán, rutas senderistas y cueva, peñón con vistas a la costa, desfiladero de El Estrecho, fiestas patronales y feria gastronómica del vino y productos de interior;
131;mercados gastronómicos y bodegas cerca de rutas de senderismo;Caminomorisco;Cáceres;1097;491;2,5 h en coche;no;Rutas por senderos para observar flora y fauna, piscina natural en el río, arquitectura popular hurdana en piedra y pizarra, matanza tradicional con mercado artesanal, feria de la tapa, dulces y vino de pitarra, artesanía y bordados, carreras de montaña y bicicleta de montaña;
132;mercados gastronómicos y bodegas cerca de rutas de senderismo;La Horra;Burgos;295;802;2,0 h en coche;no;bodegas subterráneas y museo del vino, pinares y senderismo en el monte Villalobón, bodegas de la D. O. Ribera del Duero, Fiesta de Santa Eulalia, Fiesta del Nativo Ausente, Fiesta de la Matanza, Oktoberfest;
133;mercados gastronómicos y bodegas cerca de rutas de senderismo;Forfoleda;Salamanca;207;789;2,5 h en coche;no;Bodegas familiares excavadas en la roca, viñedos de la Denominación de Origen Tierra del Vino de Zamora, paisajes de encinas, jaras y robles, rutas de senderismo y bicicleta de montaña, iglesia románica de Santo Tomás con capiteles singulares, fiestas de Santa Isabel, el Cristo y Santa Bárbara;
134;mercados gastronómicos y bodegas cerca de rutas de senderismo;Alborache;Valencia;1568;320;3,5 h en coche;no;manantiales y frondosos espacios naturales, Ruta de los Molinos junto al río Buñol, molinos históricos y patrimonio hidráulico, iglesia de Santiago Apóstol, fiestas patronales y Fallas, mercado tradicional semanal, gastronomía mediterránea de interior y vinos locales;
135;Queremos visitar un lugar con tradición de órganos, iglesia antigua y fiestas populares con comida compartida entre vecinos.;Cervillego de la Cruz;Valladolid;87;754;1,5 h en coche;no;iglesia románico-mudéjar con retablo barroco, Centro de Cultura dedicado a Julio Senador, tradición de construcción de órganos, fiestas de la Cruz de Mayo con comida vecinal, fiestas de la Degollación de San Juan Bautista, tradición de peñas;
136;Queremos visitar un lugar con tradición de órganos, iglesia antigua y fiestas populares con comida compartida entre vecinos.;Capillas;Palencia;68;753;2,5 h en coche;no;Iglesia mudéjar de San Agustín, órgano ibérico de 1776, restos de la antigua harinera junto al canal de Castilla, dársena y esclusa, palomares de Tierra de Campos, edificios tradicionales de adobe y tapial, arco de la muralla medieval;
137;Queremos visitar un lugar con tradición de órganos, iglesia antigua y fiestas populares con comida compartida entre vecinos.;Espinosa de Villagonzalo;Palencia;164;847;3,0 h en coche;no;Iglesia de Santa Cecilia con retablos y órgano barroco, crucero gótico del siglo XV en la plaza mayor, antiguas fiestas de San Juan Bautista y Santa Cecilia, semana cultural de agosto con música y comidas populares;
138;Queremos visitar un lugar con tradición de órganos, iglesia antigua y fiestas populares con comida compartida entre vecinos.;Garrovillas de Alconétar;Cáceres;1941;327;3,0 h en coche;no;Junto al Tajo y cerca de la confluencia con el Almonte, casco antiguo bien conservado, plaza Mayor de arquitectura tradicional, iglesias góticas con un órgano renacentista único, puente romano de Alconétar, dólmenes de Guadancil bajo el embalse de Alcántara;
139;Queremos visitar un lugar con tradición de órganos, iglesia antigua y fiestas populares con comida compartida entre vecinos.;Encinacorba;Zaragoza;176;762;3,0 h en coche;no;Al pie de la sierra de Algairén, iglesia gótico-renacentista con torre mudéjar y órgano medieval, ruinas del Castillo de Sinascueva, dance tradicional de la Virgen del Mar, romería de Santa Cruz con comida popular, fiestas con vaquillas y charanga;
140;Queremos visitar un lugar con tradición de órganos, iglesia antigua y fiestas populares con comida compartida entre vecinos.;Valleruela de Sepúlveda;Segovia;48;1092;1,0 h en coche;no;iglesia románica de la Virgen del Barrio, casas tradicionales con esgrafiado segoviano, bosques de encinas, enebros y sabinas centenarios, ruinas de la Torre del Cerro, Camino de San Frutos, caldereta popular de San Isidro, fiestas patronales en septiembre, hacenderas con comidas o meriendas populares;
141;Queremos visitar un lugar con tradición de órganos, iglesia antigua y fiestas populares con comida compartida entre vecinos.;Valdealgorfa;Teruel;581;510;4,0 h en coche;no;altiplanos y torrentes, túnel del equinoccio, casas palaciegas y portales históricos, iglesia barroca con órgano del siglo XVIII, fiestas de San Antón y hoguera, romería a la ermita de Santa Bárbara, comidas campestres en cuadrilla;
142;Un pueblo tranquilo cerca de un río y rodeado de pinares;Hornillos de Eresma;Valladolid;182;718;1,5 h en coche;no;Entre pinares, rodeado por el arroyo Sangüero y el río Eresma, iglesia de San Miguel Arcángel;
143;Un pueblo tranquilo cerca de un río y rodeado de pinares;Gumiel de Mercado;Burgos;376;829;2,0 h en coche;no;rodeado de pinares, río Gromejón, restos de muralla y puertas antiguas, plaza mayor castellana con soportales, iglesias gótica y renacentista, fiestas patronales con verbenas y peñas, romería de San Juan con hoguera y jota popular;
144;Un pueblo tranquilo cerca de un río y rodeado de pinares;Almodóvar del Pinar;Cuenca;401;993;2,0 h en coche;no;paisaje serrano rodeado de pinares, río Valdemembra, restos de fortificación árabe en el cerro de los Cubos, iglesia de la Asunción con retablo barroco gallego, ermitas de los siglos XV al XVIII, fiestas patronales de la Virgen de las Nieves el 5 de agosto;
145;Un pueblo tranquilo cerca de un río y rodeado de pinares;Zarzuela del Pinar;Segovia;408;880;1,5 h en coche;no;Rodeado de pinares resineros, ribera del río Cega y molino del Ladrón, iglesia con un lignum crucis, laguna del Santo y cueva de La Mora, senda de El Manzano-Sotocievieco, fiestas de Santa Águeda y la Exaltación de la Cruz, tradición de colocar el mayo;
146;Un pueblo tranquilo cerca de un río y rodeado de pinares;Añe;Segovia;67;878;1,0 h en coche;no;Ribera del río Moros y soto de fresnos centenarios, tranquilidad y observación de aves, pinares y tradición resinera, iglesia gótico-mudéjar y ermita románica, procesión y jotas en la Cruz de Mayo, fiestas de Juventud con campeonatos deportivos, paellada popular y verbena, matanza popular con comida y música;
147;algún rincón de costa poco turístico para desconectar unos días;Mugardos;A Coruña;5203;2;6,5 h en coche;sí;romería popular del Voto de Chanteiro, procesión marítima del Carmen, Fiesta del Pulpo de Interés Turístico de Galicia, pulpo a la mugardesa, empanada de pulpo, club de remo;
148;algún rincón de costa poco turístico para desconectar unos días;Puenteceso;A Coruña;5268;387;6,5 h en coche;sí;paisajes y recursos naturales, villa marinera de Corme, puerto pesquero de Corme-Puerto, turismo centrado en Corme, tradición agrícola y ganadera, explotaciones porcinas y lecheras;
149;algún rincón de costa poco turístico para desconectar unos días;Rincón de la Victoria;Málaga;52454;8;5,0 h en coche;sí;Playas y grutas marinas, calas y acantilados, estribaciones de los Montes de Málaga, carácter marinero, Castillo de Bezmiliana, yacimiento romano con mosaicos, Parque Arqueológico del Mediterráneo, huertas y frutales subtropicales en el valle de Benagalbón;
150;algún rincón de costa poco turístico para desconectar unos días;Puntallana;Santa Cruz de Tenerife;2790;420;isla;sí;costa atlántica acantilada, playa de Nogales, barrancos y montañas volcánicas, diversidad de paisajes y vegetación, laurisilva y fayal-brezal, Cubo de La Galga, turismo rural, tradición agrícola del trigo y el gofio;
151;algún rincón de costa poco turístico para desconectar unos días;Lorca;Murcia;98969;353;4,5 h en coche;sí;Castillo y arquitectura barroca, casco antiguo declarado conjunto histórico-artístico, procesiones de Semana Santa de interés turístico internacional, sierras y espacios naturales protegidos, río Guadalentín y fértil huerta, costa abrupta con calas naturales y playas;
152;algún rincón de costa poco turístico para desconectar unos días;Breña Baja;Santa Cruz de Tenerife;6159;295;isla;sí;Conos volcánicos y coladas de lava, panorámicas desde la Montaña de La Breña, costa rocosa con calas, playa turística de Los Cancajos, fiesta de las madres cada tercer domingo de mayo, terrenos de cultivo de regadío;
153;algún rincón de costa poco turístico para desconectar unos días;El Grove;Pontevedra;10877;4;6,0 h en coche;sí;Península en la ría de Arosa, playas de arena y dunas, marismas y laguna costera, castros y necrópolis, isla de La Toja, paseos en barco por la ría, turismo gastronómico de marisco y ostra;
154;algún rincón de costa poco turístico para desconectar unos días;Bovera;Lleida;244;297;4,5 h en coche;no;Río de la Cana, senda de excursionismo del camino de la Palma, balsas de agua, mas del Senyor, rincón de las Paumeres, molino de aceite Lo Blai;
155;algún rincón de costa poco turístico para desconectar unos días;Almuñécar;Granada;27544;24;5,0 h en coche;sí;Costa entre mar y montaña, dieciocho playas y calas recónditas, submarinismo y pesca, paraje de Cerro Gordo-Maro, Semana Santa de interés turístico-cultural, hogueras de San Juan en la playa, frutos subtropicales, cazuela mohína y torta de al-Hajú;
156;algún rincón de costa poco turístico para desconectar unos días;Conil de la Frontera;Cádiz;24102;41;6,5 h en coche;sí;Costa atlántica de playas, calas y acantilados, calas de Roche resguardadas del levante, centro histórico declarado conjunto histórico-artístico, Torre de Guzmán y torres almenaras, pesca y tradición marinera, turismo estacional;
157;algún rincón de costa poco turístico para desconectar unos días;Castellar de la Frontera;Cádiz;2984;47;6,0 h en coche;no;Parque natural de los Alcornocales, pueblo viejo amurallado y castillo medieval, fortaleza nazarí, Palacio de los Condes de Castellar, iglesia barroca del siglo XVII, brisa mediterránea cálida, tradición del descorche de alcornoques;
158;algún rincón de costa poco turístico para desconectar unos días;Mazarrón;Murcia;35449;55;4,5 h en coche;sí;playas mediterráneas, turismo costero, yacimiento neolítico del Cabezo del Plomo, vestigios fenicios y romanos, castillos y torres vigía históricas, pesca y agricultura;
159;algún rincón de costa poco turístico para desconectar unos días;San Martín del Rey Aurelio;Asturias;15531;;4,5 h en coche;no;valles y cordales en torno al río Nalón, zona alta del Paisaje protegido de las Cuencas Mineras, fiestas del Descorche de la Sidra, fiestas de San Martín en Sotrondio, Jornadas de los Nabos, cebolles rellenes y pimientos rellenos;
160;algún rincón de costa poco turístico para desconectar unos días;Almonte;Huelva;24864;75;5,5 h en coche;sí;playas de más de 50 kilómetros, Parque Nacional de Doñana, aldea de El Rocío y su romería, molinos de aceite y bodegas, viviendas tradicionales almonteñas, turismo de naturaleza, industria agroalimentaria ecológica;
161;Busco fiestas de la Virgen del Rosario y Santa Bárbara en un pueblo tranquilo con arroyo y paisaje abierto;Aldeanueva de Figueroa;Salamanca;238;865;2,0 h en coche;no;relieve llano con algunos arroyos, cerro Castillejo, fiestas principales a finales de agosto, San Clemente, Virgen del Rosario, celebraciones de Semana Santa y de los Quintos del pueblo;
162;Busco fiestas de la Virgen del Rosario y Santa Bárbara en un pueblo tranquilo con arroyo y paisaje abierto;Fuertescusa;Cuenca;65;998;1,5 h en coche;no;paisaje serrano de rocas y pinares, río Escabas y arroyo del Peral, túneles de la Puerta del Infierno, Vía Ferrata en la Piedra del Castillo, miradores de Fuertescusa y del monte Cucurucho, iglesia de San Martín, fiestas de la Virgen de Marzo y del Rosario, fiesta del turista el 15 de agosto;
163;Busco fiestas de la Virgen del Rosario y Santa Bárbara en un pueblo tranquilo con arroyo y paisaje abierto;Tabanera la Luenga;Segovia;51;907;1,0 h en coche;no;iglesia barroca de San Vicente Mártir con torre de ladrillo y retablo mayor, ermita barroca del Santo Cristo de la Veracruz, fiestas de San Vicente Mártir, Virgen del Rosario y Santa Bárbara;
164;Busco fiestas de la Virgen del Rosario y Santa Bárbara en un pueblo tranquilo con arroyo y paisaje abierto;Barbadillo;Salamanca;391;802;2,5 h en coche;no;Paisaje llano con elevaciones aisladas, iglesia parroquial de Nuestra Señora del Rosario, Parque de la Era, enclave en el Campo Charro;
165;Busco fiestas de la Virgen del Rosario y Santa Bárbara en un pueblo tranquilo con arroyo y paisaje abierto;Ituero y Lama;Segovia;492;1004;1,0 h en coche;no;Paisaje llano de elevada altitud, río Piezga y arroyos, iglesia gótica de Santiago Apóstol, corral del concejo rehabilitado, horno de cal restaurado, restos de la ermita de Santa Elena, fiestas de San Santiago y Santa Bárbara;
166;Busco fiestas de la Virgen del Rosario y Santa Bárbara en un pueblo tranquilo con arroyo y paisaje abierto;Pizarral;Salamanca;70;909;2,0 h en coche;no;Paisaje llano y elevado, arroyo, fiestas de la Virgen del Rosario y Santa Bárbara;
167;Busco fiestas de la Virgen del Rosario y Santa Bárbara en un pueblo tranquilo con arroyo y paisaje abierto;Husillos;Palencia;413;791;2,5 h en coche;no;Colegiata de Santa María de la Dehesa Brava, imagen medieval de la Virgen, vestigios de una abadía histórica, fiestas de la Octava y de Santa Bárbara, fiestas de verano y de la Virgen de la Asunción;
168;Busco fiestas de la Virgen del Rosario y Santa Bárbara en un pueblo tranquilo con arroyo y paisaje abierto;Cardiel de los Montes;Toledo;406;402;1,0 h en coche;no;llanura y montes de Santa María, arroyos Saucedoso y San Benito, área recreativa junto al Alberche, rollo de justicia e iglesia de Santiago Apóstol, Semana Cultural con deportes y ruta al río, fiestas de la Virgen del Rosario con verbenas y encierros, comida en la plaza del ayuntamiento;
169;Busco fiestas de la Virgen del Rosario y Santa Bárbara en un pueblo tranquilo con arroyo y paisaje abierto;Soto del Real;Madrid;9400;921;0,5 h en coche;no;paisaje de la sierra de Guadarrama y Cuerda Larga, Parque Regional de la Cuenca Alta del Manzanares, embalse de Santillana y arroyos, fiestas de la Virgen del Rosario, fiesta de la Maya, caldereta con patatas en la ermita;
170;Busco fiestas de la Virgen del Rosario y Santa Bárbara en un pueblo tranquilo con arroyo y paisaje abierto;Amoroto;Bizkaia;390;180;4,0 h en coche;no;Pequeños montes y valles de arroyos hacia el río Lea, paisaje rural con robledales y encinas atlánticas, iglesia gótico-renacentista de San Martín, ermitas de San Miguel y Santa Bárbara, caserío barroco Idarreta, romería de San Miguel, fiestas de San Martín y Santa Bárbara;
171;Busco fiestas de la Virgen del Rosario y Santa Bárbara en un pueblo tranquilo con arroyo y paisaje abierto;Salce;Zamora;83;740;3,0 h en coche;no;Presa de Almendra y vistas al agua, antigua iglesia de San Miguel Arcángel, iglesia nueva de estilo vanguardista, puente de piedra de 1527, fuentes de origen romano, fiestas del Rosario y Santa Bárbara;
172;pueblo con fiestas en verano;Los Santos;Salamanca;570;937;2,0 h en coche;no;romería de la Virgen del Gozo y subasta de donaciones, fiestas de san Bartolomé, conciertos y verbenas populares, peñas festivas, trofeo de verano de calva, 24 horas de fútbol sala en verano;
173;pueblo con fiestas en verano;Tudelilla;La Rioja;360;548;3,0 h en coche;no;Fiestas de San Roque en verano, fiestas de Santa Bárbara en invierno, embalse municipal;
174;pueblo con fiestas en verano;Torres de la Alameda;Madrid;7824;654;0,5 h en coche;no;Meseta, vegas de los arroyos Pantueña y Anchuelo y del Henares, paisaje de alcarria con monte bajo mediterráneo, fiestas patronales con conciertos y encierros, Fiestas del Agua en verano, instalaciones para fútbol, pádel, tenis y petanca;
175;pueblo con fiestas en verano;San Adrián;Navarra;6504;318;3,5 h en coche;no;A orillas del río Ebro, puente que comunica con Calahorra, fiestas de invierno con conciertos, fiestas de verano con charangas y verbenas, novilladas y pasacalles, mercado medieval en las fiestas patronales;
176;pueblo con fiestas en verano;Bisimbre;Zaragoza;98;320;3,0 h en coche;no;Llanura dominada por el Moncayo, río Huecha y barrancos, iglesia gótica de San Juan Bautista con retablos barrocos, dos peirones, escenario de «Nobleza Baturra», fiestas de verano en agosto, fiestas de la Inmaculada en diciembre;
177;pueblo con fiestas en verano;Cosuenda;Zaragoza;344;616;3,0 h en coche;no;A los pies de la sierra de Algairén, paisaje del Sistema Ibérico, fiestas patronales de San Bernabé, fiestas de verano en agosto;
178;pueblo con fiestas en verano;Tarancón;Cuenca;16748;800;1,0 h en coche;no;paisaje de la Alcarria, clima de estepa con veranos secos y calurosos, Casa de Piedra del siglo XVI, museos de arte contemporáneo y artistas locales, ferias y fiestas patronales, conciertos y cine de verano, parques con zonas verdes y carril bici;
179;pueblo con fiestas en verano;La Masó;Tarragona;307;115;5,5 h en coche;no;Fiesta mayor de verano dedicada a Santa Magdalena, festividad de San Sebastián en invierno;
180;pueblo con fiestas en verano;Vilella Alta;Tarragona;127;327;5,0 h en coche;no;Iglesia de Santa Lucía, arquitectura neoclásica con elementos barrocos, retablo renacentista, fiesta mayor en enero, fiestas de verano por Santiago Apóstol en julio;
181;pueblo con fiestas en verano;Castillonroy;Huesca;334;442;5,0 h en coche;no;embalse de Santa Ana, iglesia barroca de Nuestra Señora de la Asunción, ermita románica de San Salvador en el pico de Montpedró, fiestas de San Antonio, Santa Rita y fiestas de verano;
182;pueblo con fiestas en verano;Arevalillo;Ávila;58;1130;2,0 h en coche;no;en la sierra de Villafranca, fiestas de san Cristóbal el segundo fin de semana de septiembre, fiestas de verano el último fin de semana de agosto;
183;pueblo con fiestas en verano;Villagarcía del Llano;Cuenca;763;728;2,5 h en coche;no;Fiestas de verano con carrozas vecinales y novilladas, fiestas de octubre en honor a la Virgen del Rosario, pólvora, dulzaina y tamboril, procesión y ofrenda floral;
184;pueblo con fiestas en verano;Vallmoll;Tarragona;1997;161;5,5 h en coche;no;fiestas importantes en verano e invierno, club de fútbol federado, iglesia de Santa María, castillo de Vallmoll;
185;pueblo con fiestas en verano;Senija;Alicante;698;234;4,5 h en coche;no;Al pie de una pequeña montaña, relieve ondulado, fiestas patronales en mayo, fiestas de verano en agosto en la partida de la Cometa, fiestas de la Asunción el 14 y 15 de agosto;
186;¿Dónde hacen una fiesta para celebrar la Virgen de la Salud?;Jimera de Líbar;Málaga;399;507;5,5 h en coche;no;valle del río Guadiaro, parque natural de la Sierra de Grazalema, iglesia de Nuestra Señora del Rosario, ermita de la Virgen de la Salud, Jimera Tr3s Trail, romería, fiesta del agua, fiesta de la cerveza;
187;¿Dónde hacen una fiesta para celebrar la Virgen de la Salud?;Castrillo de la Guareña;Zamora;133;733;2,0 h en coche;no;Llanura atravesada por el río Guareña, ermita del Cristo de la Salud y crucifijo gótico, casas antiguas y arquitectura tradicional, fiestas de San Lorenzo con encierros, romería del Cristo de la Salud, fiestas de Águedas y tradición del mayo;
188;¿Dónde hacen una fiesta para celebrar la Virgen de la Salud?;Yunclillos;Toledo;819;517;0,5 h en coche;no;Comarca de La Sagra, proximidad al río Guadarrama y al Tajo, iglesia parroquial de San Andrés, fiestas de la Virgen del Carmen, fiestas de la Virgen de la Salud, Semana Cultural de la Mujer;
189;¿Dónde hacen una fiesta para celebrar la Virgen de la Salud?;Cabrales;Asturias;1884;307;4,0 h en coche;no;montaña de los Picos de Europa y picos de más de 2000 metros, paisaje protegido de la Sierra del Cuera, vegas de los ríos Casaño y Cares, rutas de alpinismo en el Naranjo de Bulnes, iglesias románicas, barrocas y renacentistas, palacios históricos, fiesta de la Virgen de la Salud, queso de Cabrales;
190;¿Dónde hacen una fiesta para celebrar la Virgen de la Salud?;Algemesí;Valencia;28306;19;4,0 h en coche;no;llanura litoral entre los ríos Magro y Júcar, parque natural de la Albufera, bosque de ribera y campos de naranjos con aroma a azahar, Reserva del samarugo, fiestas patronales en honor a la Virgen de la Salud;
191;¿Dónde hacen una fiesta para celebrar la Virgen de la Salud?;Fregenal de la Sierra;Badajoz;4715;579;4,5 h en coche;no;conjunto histórico-artístico, castillo templario, yacimiento romano de Nertobriga, menhires del río Ardila, dehesas entre llanura y Sierra Morena, Danza y Fiesta de la Virgen de la Salud, Festival Internacional de la Sierra;
192;¿Dónde hacen una fiesta para celebrar la Virgen de la Salud?;María de la Salud;Baleares;2461;123;isla;no;En el centro de Mallorca, en el Llano de Mallorca, iglesia parroquial con antigua imagen de la Virgen de la Salud, mercado y festejos en la plaza, campeonatos deportivos de verano, fútbol, tenis, baloncesto y piscina al aire libre;
193;¿Dónde hacen una fiesta para celebrar la Virgen de la Salud?;Crespos;Ávila;463;912;1,5 h en coche;no;llanura cerealista de La Moraña, iglesia de San Juan Bautista, Torre de Santa Inés, fiestas de la Virgen de la Salud y San Juan Bautista, feria con puestos y atracciones, Baile del Vermú en comunidad;
194;¿Dónde hacen una fiesta para celebrar la Virgen de la Salud?;Esparragalejo;Badajoz;1506;231;3,5 h en coche;no;Presa romana, dos lagunas naturales, iglesia de La Purísima Concepción, ermitas de la Virgen de la Salud y Santiago, fiestas patronales, Romería Saludeña, Tradicional Ramo;
195;¿Dónde hacen una fiesta para celebrar la Virgen de la Salud?;Fuentelahiguera de Albatages;Guadalajara;121;901;0,5 h en coche;no;Iglesia de San Andrés del siglo XVII, Cristo de marfil del siglo XVIII, ermitas del Cristo de la Salud y de la Virgen de la Soledad, fiestas taurinas en agosto, celebraciones del Cristo de la Salud y San Andrés;
196;¿Dónde hacen una fiesta para celebrar la Virgen de la Salud?;Alcublas;Valencia;710;774;3,5 h en coche;no;Hoya y llanuras rodeadas de cerros, pinares y monte bajo, panorámicas desde los antiguos molinos restaurados, iglesia del siglo XVII y ermitas, neveros tradicionales, hogueras y bendición de animales por San Antón, romería a la Cueva Santa, fiestas de la Virgen de la Salud en agosto;
197;¿Dónde hacen una fiesta para celebrar la Virgen de la Salud?;Redován;Alicante;8283;18;4,5 h en coche;no;A los pies de la sierra de Callosa y junto al río Segura, Palacio de la Orden de Predicadores, Casa del Reloj con su mecanismo artesanal, iglesia de San Miguel Arcángel, refugio de pastores en lo alto de la montaña, fiestas de la Virgen de la Salud el 8 de septiembre;
198;donde se celebran fiestas tradicionales junto a un rio;Santo Adriano;Asturias;281;;4,5 h en coche;no;Sierras del Aramo y del Oral, gargantas del río Trubia, vegas fértiles y frondosas, fiestas tradicionales con misa, procesión, bailes y danzas, celebraciones de San Juan durante tres días en Castañedo del Monte;
199;donde se celebran fiestas tradicionales junto a un rio;Zarratón;La Rioja;254;562;3,0 h en coche;no;paisaje llano con elevaciones aisladas y mesetas, río Zamaca, danzas tradicionales entre las más antiguas de La Rioja, fiestas de San Blas con procesión, tortas y rosco, fiestas de agosto con danzas de troqueados junto a la iglesia;
200;donde se celebran fiestas tradicionales junto a un rio;Bacáicoa;Navarra;342;519;4,0 h en coche;no;Hayedos, castaños y robles, valle llano atravesado por el río Burunda, laderas de la sierra de Urbasa, fiestas de Santiago, tradición del Mayo, personaje carnavalesco Kamarro, celebraciones de San Juan y Santa Águeda;
201;donde se celebran fiestas tradicionales junto a un rio;Torreiglesias;Segovia;257;1023;1,0 h en coche;no;zona llana cerca de la sierra de Guadarrama, confluencia de los ríos Viejo y Pirón, iglesia románica, puente romano de Covatillas, fiestas con romería y paella popular junto al río Pirón, celebración de Santa Águeda con bastón de mando para las mujeres;
202;donde se celebran fiestas tradicionales junto a un rio;Juarros de Voltoya;Segovia;185;852;1,0 h en coche;no;Río Voltoya y embalse, campiña segoviana, avistamiento de aves, sendero señalizado junto a la chopera, iglesia de Nuestra Señora de la Asunción, fiestas de verano con orquestas y peñas, celebración tradicional de los Santos Inocentes, concentración motera;
203;donde se celebran fiestas tradicionales junto a un rio;Valtorres;Zaragoza;65;678;2,5 h en coche;no;pies del cerro de San Juan, montes y sierras con atractivos desniveles, vega de Terrer junto al río Jalón, fiestas religiosas, celebraciones en honor a la Virgen del Rosario en agosto;
204;donde se celebran fiestas tradicionales junto a un rio;Cuevas del Valle;Ávila;506;850;1,5 h en coche;no;Paisaje montañoso en la sierra de Gredos, río Posaderas, calzada romana y ermitas románicas, plaza de toros cuadrada, fiestas patronales con celebraciones taurinas y cantares populares, patatas revolconas y dulces tradicionales como perrunillas y rosquillas con miel;
205;donde se celebran fiestas tradicionales junto a un rio;Montehermoso;Cáceres;5552;394;3,0 h en coche;no;Zona llana junto al río Alagón, iglesia del siglo XVI y siete ermitas, molinos y lagares agrícolas, artesanía de gorras y campanas, folclore tradicional, Los Negritos de San Blas, Fiesta de Interés Turístico Regional;
206;donde se celebran fiestas tradicionales junto a un rio;San Roque de Riomiera;Cantabria;333;426;4,0 h en coche;no;En la cabecera del río Miera, paisaje y arquitectura de tradición pasiega, una de las tres villas pasiegas, fiestas de San Roque, Los Dolores y San Antonio, celebración del Orgullo Pasiego;
207;donde se celebran fiestas tradicionales junto a un rio;Tíjola;Almería;3573;693;4,5 h en coche;no;A los pies de la sierra de los Filabres, junto al río Almanzora, ferias y fiestas tradicionales, lanzamiento de roscos de pan por San Sebastián, jornada campestre por San Marcos, aperitivo social de «la media hora»;
208;donde se celebran fiestas tradicionales junto a un rio;Bufali;Valencia;162;239;4,0 h en coche;no;Iglesia parroquial de Nuestra Señora de Loreto, nevera del siglo XVII, zona de esparcimiento junto al río Albaida, fiestas patronales en agosto, celebraciones en honor a la Virgen de Loreto y al Cristo de la Pobreza;
209;donde se celebran fiestas tradicionales junto a un rio;Peralta de Calasanz;Huesca;206;523;5,0 h en coche;no;Junto al río Sosa, Peña de Misdía, ermitas románicas y medievales, salinas declaradas bien de interés cultural, pozo de hielo bien conservado, fiestas y romerías tradicionales, legado de San José de Calasanz;
210;donde se celebran fiestas tradicionales junto a un rio;Tierga;Zaragoza;170;632;3,0 h en coche;no;enclavado en el Sistema Ibérico, junto al río Isuela, iglesia de San Juan Bautista, fiestas del Santo Cristo, celebraciones de San Isidro, fiestas mayores de Santa Rosa de Lima y San Ramón Nonato, fiestas de la Purísima;
211;donde se celebran fiestas tradicionales junto a un rio;Benaguacil;Valencia;12668;110;3,5 h en coche;no;Paraje natural de la Fenosa junto al río Turia, terrazas fluviales y cerros, masía del siglo XV, tradición fallera, fiestas patronales de la Virgen de Montiel con romerías y actos lúdicos, celebraciones de San Blas y Semana Santa;
212;donde se celebran fiestas tradicionales junto a un rio;Medrano;La Rioja;350;600;3,0 h en coche;no;paisaje llano y fértil, Sierra de Moncalvillo, cultivos de vid y regadío junto al río Daroca, iglesia de la Natividad del siglo XV, ermita de San Clemente, fiestas de la Virgen de la Natividad, celebraciones con procesiones y degustaciones;
213;donde se celebran fiestas tradicionales junto a un rio;Perarrúa;Huesca;116;517;5,0 h en coche;no;Río Ésera junto al pueblo, tradición maderera y carpintera, artesanía, cultivos de cereales, viña, olivo y pera de Bergamota, fiestas de Santa Ana, pastorada de Perarrúa, fiesta de San Pedro de Verona;
214;donde se celebran fiestas tradicionales junto a un rio;Aranzueque;Guadalajara;411;696;0,5 h en coche;no;Terraza junto al río Tajuña y el arroyo de la Vega, iglesia de la Virgen de la Asunción, puente decimonónico sobre el Tajuña, fiestas de Santo Domingo con encierros por el campo y lidia, celebraciones de San Antonio y la Virgen del Carmen;
215;Una ciudad con plazas llenas de gente y terrazas para pasar la tarde;Archena;Murcia;20908;102;4,0 h en coche;no;Ribera del río Segura y terrazas de frutales, paisaje de regadío, iglesia de San Juan Bautista, Casa Grande renacentista, palacete Villarías y su parque público, balneario con edificios históricos, Santuario de Nuestra Señora de la Salud;
216;Una ciudad con plazas llenas de gente y terrazas para pasar la tarde;Ribarroja del Turia;Valencia;24616;125;3,5 h en coche;no;Vega del Turia con terrazas fluviales y llanuras de cultivo, suaves montañas, acueductos y canales de origen romano, puente viejo, cisterna y lavadero histórico, paisaje mediterráneo con pinares jóvenes;
217;Una ciudad con plazas llenas de gente y terrazas para pasar la tarde;Elda;Alicante;55222;395;4,0 h en coche;no;Terraza fértil a orillas del río Vinalopó, circo de montañas, Museo del Calzado, monumentos vinculados al calzado, premio a la Mujer Mejor Calzada de España, concurso internacional de canto lírico;
218;Una ciudad con plazas llenas de gente y terrazas para pasar la tarde;Barberá del Vallés;Barcelona;33987;146;6,5 h en coche;no;Llanura del Vallés en la Cordillera Costero Catalana, terraza fluvial del río Ripoll, nieblas matutinas, Tres Tombs con mascotas bendecidas, Fiesta del Pan, fiesta mayor con diablos y castillos humanos, ferias de la Cruz de Mayo;
219;Una ciudad con plazas llenas de gente y terrazas para pasar la tarde;Toro;Zamora;8336;735;2,5 h en coche;no;vega y terrazas del Duero, ciudad histórica y monumental, Colegiata de Santa María la Mayor, casco histórico con huellas de distintas épocas, cerro elevado junto al río, viñedos y cultura vitícola, vinos con Denominación de Origen Toro;
220;Una ciudad con plazas llenas de gente y terrazas para pasar la tarde;Fuentelencina;Guadalajara;324;990;1,0 h en coche;no;Alto páramo alcarreño entre los valles del Tajo y el Tajuña, vegas con huertas y fuentes, plaza mayor porticada, iglesia de la Asunción, restos de muralla, fiestas de San Agustín con encierros y vaquilla, carne de toro compartida en la plaza;
221;Una ciudad con plazas llenas de gente y terrazas para pasar la tarde;Benaguacil;Valencia;12668;110;3,5 h en coche;no;Paraje natural de la Fenosa junto al río Turia, terrazas fluviales y cerros, masía del siglo XV, tradición fallera, fiestas patronales de la Virgen de Montiel con romerías y actos lúdicos, celebraciones de San Blas y Semana Santa;
222;Una ciudad con plazas llenas de gente y terrazas para pasar la tarde;Villanueva de Alcardete;Toledo;2910;725;1,5 h en coche;no;Iglesia de Santiago Apóstol, ermita de Nuestra Señora de Gracia, rollo jurisdiccional del siglo XV, pilar abrevadero convertido en centro de exposiciones, plaza con quiosco de música, plaza de toros construida por los vecinos;
223;Una ciudad con plazas llenas de gente y terrazas para pasar la tarde;Prádanos de Ojeda;Palencia;181;927;3,0 h en coche;no;Iglesia parroquial románico-renacentista, plaza del Corazón de Jesús con ermita y torre del reloj, órgano del siglo XVIII, fuentes y lavaderos tradicionales, Arroyo Grande y campos de regadío, fiestas y verbenas en la plaza;
224;Una ciudad con plazas llenas de gente y terrazas para pasar la tarde;Morell;Tarragona;3811;104;5,5 h en coche;no;Orilla derecha del Francolí, iglesia barroca tardía de San Martín, castillo reconstruido en el siglo XVIII, fiestas mayores con correfoc y pasacalles, cena popular y baile en la Festa de la Granja, homenaje festivo a la gente mayor;
225;Una ciudad con plazas llenas de gente y terrazas para pasar la tarde;La Puebla de Montalbán;Toledo;8144;453;1,0 h en coche;no;Vega del Tajo y estribaciones de los Montes de Toledo, barrancas rojizas y embalse de Castrejón, plaza Mayor castellana con soportales, conventos y ermitas renacentistas y barrocas, Museo La Celestina, fiestas patronales y bailes populares en la plaza;
226;Buscamos un pueblo bonito para una escapada con los colegas, con rutas y alguna terraza;Ohanes;Almería;553;958;5,0 h en coche;no;Parque Nacional de Sierra Nevada y alta montaña mediterránea, rutas a pie y en bicicleta, río Chico, terrazas moriscas y acequias árabes, cultivo de la uva de Ohanes, arrocillo y correas, Romería de Tices, fiestas de la Virgen;
227;Buscamos un pueblo bonito para una escapada con los colegas, con rutas y alguna terraza;Sajazarra;La Rioja;123;515;3,0 h en coche;no;Confluencia de los ríos Aguanal y Ea, integrante de Los pueblos más bonitos de España, fiesta de San Marcos, festival de Música Antigua, muestra de artistas noveles, fiesta de Nuestra Señora la Virgen de Cillas con procesión a la ermita;
228;Buscamos un pueblo bonito para una escapada con los colegas, con rutas y alguna terraza;Toro;Zamora;8336;735;2,5 h en coche;no;vega y terrazas del Duero, ciudad histórica y monumental, Colegiata de Santa María la Mayor, casco histórico con huellas de distintas épocas, cerro elevado junto al río, viñedos y cultura vitícola, vinos con Denominación de Origen Toro;
229;Buscamos un pueblo bonito para una escapada con los colegas, con rutas y alguna terraza;Pampaneira;Granada;312;1060;5,0 h en coche;no;Parque nacional y natural de Sierra Nevada, ríos Poqueira y Trevélez, pueblo reconocido entre los más bonitos de España, Entierro de la zorra con música, cánticos y quema del muñeco;
230;Buscamos un pueblo bonito para una escapada con los colegas, con rutas y alguna terraza;Bonilla de la Sierra;Ávila;139;1089;1,5 h en coche;no;Pueblo del catálogo Los Pueblos Más Bonitos de España, paisaje montañoso y valle del Corneja, conjunto histórico-artístico, castillo y murallas, colegiata gótica de San Martín de Tours, cruz monumental de piedra tallada;
231;Buscamos un pueblo bonito para una escapada con los colegas, con rutas y alguna terraza;Alquézar;Huesca;328;660;4,5 h en coche;no;Pueblo entre el cañón del río Vero y las sierras, casco histórico y Colegiata de Santa María la Mayor, pinturas prehistóricas, parque natural de la Sierra y los Cañones de Guara, barranquismo y escalada, romerías y fiestas patronales;
232;Buscamos un pueblo bonito para una escapada con los colegas, con rutas y alguna terraza;Castro Caldelas;Ourense;1244;763;4,5 h en coche;no;villa histórica de montaña y ribera, entorno de la Ribeira Sacra, ríos Sil y Edo, bosques de robles y castaños, fortaleza medieval, monasterios medievales, casi veinte iglesias, conjunto reconocido entre los Pueblos Más Bonitos de España;
233;Buscamos un pueblo bonito para una escapada con los colegas, con rutas y alguna terraza;Cobeña;Madrid;7670;675;0,5 h en coche;no;Campiñas onduladas y terrazas del Jarama, rutas senderistas y ZEPA de estepas cerealistas, aves esteparias como la avutarda, iglesia monumental de San Cipriano, fiestas de mayo y octubre;
234;Buscamos un pueblo bonito para una escapada con los colegas, con rutas y alguna terraza;Castañeda;Cantabria;3290;66;4,0 h en coche;no;Valles de los ríos Pas y Pisueña, montañas y arroyos, colegiata de la Santa Cruz, ermita con frescos del siglo XVI, palacios históricos, molino El Carabío, senda para senderismo, piscinas al aire libre y polideportivo;
235;Buscamos un pueblo bonito para una escapada con los colegas, con rutas y alguna terraza;Viniegra de Arriba;La Rioja;40;1182;2,5 h en coche;no;Uno de Los Pueblos Más Bonitos de España, integrante de las 7 Villas;
236;Buscamos un pueblo bonito para una escapada con los colegas, con rutas y alguna terraza;Viniegra de Abajo;La Rioja;81;887;2,5 h en coche;no;Río Urbión y nacimiento en los Picos de Urbión, entre el Camero Nuevo y la sierra de la Demanda, piragüismo por el Najerilla, pueblo entre los más bonitos de España, fiestas de San Ildefonso y Santiago, romería de San Millán, caldereta de las 7 Villas, Noche de las Ánimas y chozo de Nochevieja;
237;Buscamos un pueblo bonito para una escapada con los colegas, con rutas y alguna terraza;Somosierra;Madrid;93;1434;1,0 h en coche;no;Puerto de montaña en la Sierra Norte, elevada altitud, bosque de la Dehesa Bonita, cascada de los Litueros, turismo rural, servicios para viajeros en tránsito;
238;Busco una localidad de interior para visitar en otoño, con paisajes dorados, rutas sencillas y una feria gastronómica cercana.;Puebla de Lillo;León;641;1137;4,0 h en coche;no;valle del Porma y pico Susarón, pinar de pinos milenarios, parque regional Montaña de Riaño y Mampodre, estación invernal de San Isidro, torreón del siglo XIV e iglesias y ermitas históricas, fiestas de la Virgen de las Nieves, ferias y jornadas gastronómicas de la matanza, rutas de senderismo y carrera por montaña;
239;Busco una localidad de interior para visitar en otoño, con paisajes dorados, rutas sencillas y una feria gastronómica cercana.;El Coronil;Sevilla;4659;117;5,0 h en coche;no;paisaje de campiña y senderos rurales, castillo de las Aguzaderas y patrimonio histórico, rutas de MTB, Semana Santa y romería, Feria de la tapa, Noche Flamenca «Las Aguzaderas»;
240;Busco una localidad de interior para visitar en otoño, con paisajes dorados, rutas sencillas y una feria gastronómica cercana.;Montánchez;Cáceres;1597;705;3,0 h en coche;no;Sierra de Montánchez y pico de 994 metros, Castillo de Montánchez y conjunto monumental, jamón y embutidos ibéricos, fiestas tradicionales y gastronómicas, actividad cultural y exposiciones pictóricas, romería del Salor, gastronomía local variada;
241;Busco una localidad de interior para visitar en otoño, con paisajes dorados, rutas sencillas y una feria gastronómica cercana.;Cazorla;Jaén;6930;826;3,5 h en coche;no;Faldas de la Sierra de Cazorla y valle del Cerezuelo, ríos Guadalquivir, Guadalentín y Cerezuelo, castillos y patrimonio histórico, festival de blues en julio, festival internacional de teatro en otoño, gachamiga con embutidos y frutas locales, talarines o andrajos con liebre;
242;Busco una localidad de interior para visitar en otoño, con paisajes dorados, rutas sencillas y una feria gastronómica cercana.;Casillas;Ávila;673;1012;1,0 h en coche;no;Bosques de castaños y robles en la sierra de Gredos, cerca del nacimiento del Tiétar, patatas revolconas, castañas otoñales, gastronomía montañesa con carnes y productos frescos de la tierra;
243;Busco una localidad de interior para visitar en otoño, con paisajes dorados, rutas sencillas y una feria gastronómica cercana.;Frades de la Sierra;Salamanca;163;950;2,0 h en coche;no;Ruta del Jamón Ibérico y denominación de origen Guijuelo, gastronomía local, museo del molino, iglesia de San Vicente, casa natal visitable de Gabriel y Galán, parte del parque eólico de Las Dueñas;
244;Busco una localidad de interior para visitar en otoño, con paisajes dorados, rutas sencillas y una feria gastronómica cercana.;Sobrescobio;Asturias;838;381;4,5 h en coche;no;Paisaje montañoso del parque natural de Redes, bosques de hayas, robles y castaños, ríos Nalón y Alba, desfiladeros y embalses, fiestas patronales, Feria de Ganado, jornadas gastronómicas del Pitu de Caleya, truchas y postres tradicionales;
245;Busco una localidad de interior para visitar en otoño, con paisajes dorados, rutas sencillas y una feria gastronómica cercana.;Montemolín;Badajoz;1231;615;4,0 h en coche;no;Paisaje alomado de dehesa y monte bajo, castillo romano remozado por los árabes, iglesia de la Granada a sus faldas, ermita de San Blas con vistas y puestas de sol, puente de Gallicanta, senderismo y rutas rurales, rutas en buggies, gastronomía en casa rural;
246;Busco una localidad de interior para visitar en otoño, con paisajes dorados, rutas sencillas y una feria gastronómica cercana.;Valencia del Ventoso;Badajoz;1870;500;4,0 h en coche;no;"Dehesa y monte bajo; iglesia parroquial y castillos; Feria Medieval en el castillo-palacio; Romería de San Isidro; San Blas y sus roscas; Feria Gastronómica del Garbanzo, degustaciones y música.";
247;Busco una localidad de interior para visitar en otoño, con paisajes dorados, rutas sencillas y una feria gastronómica cercana.;Hervás;Cáceres;3898;688;2,5 h en coche;no;Judería histórica, falda de la sierra de Béjar y valle del Ambroz, salto de agua de La Chorrera, bosque protegido de castaños, rutas de senderismo, recreación histórica de Los Conversos, feria con pasacalles y verbenas, gastronomía de influencias árabes y sefardíes;
248;Busco una localidad de interior para visitar en otoño, con paisajes dorados, rutas sencillas y una feria gastronómica cercana.;Prádena;Segovia;473;1119;1,0 h en coche;no;Montes Carpetanos y sierra de Guadarrama, río Prádena o San Juan, cueva visitable con pinturas y grabados prehistóricos, acebal de gran extensión con rutas señalizadas, iglesia de San Martín y ermita barroca, fiestas con hogueras y feria de muestras;
249;Busco una localidad de interior para visitar en otoño, con paisajes dorados, rutas sencillas y una feria gastronómica cercana.;Boltaña;Huesca;1089;643;5,0 h en coche;no;arquitectura pirenaica en el casco antiguo, colegiata gótico-renacentista de San Pedro, puentes medievales sobre barrancos y el río Ara, hogueras y baile del palotiau por San Pablo, feria bienal Pirenostrum de instrumentos tradicionales, rondas y canciones de La Ronda de Boltaña, feria de otoño;
250;dónde comer carne a la brasa en una bodega con encanto;Santa Clara de Avedillo;Zamora;153;778;2,5 h en coche;no;Iglesia románica con obras de arte de los siglos XIII al XVI, ermita del Santo Cristo del Humilladero, fuente de posible origen romano junto al arroyo Oyuelo, fiestas de la Exaltación de la Cruz y los Santos Inocentes, cocido y platos de legumbres, carnes a la brasa en bodegas tradicionales;
251;dónde comer carne a la brasa en una bodega con encanto;El Perdigón;Zamora;673;732;2,5 h en coche;no;bodegas subterráneas abiertas como bares y restaurantes, iglesia de San Félix con tablas góticas y retablo barroco, casas blasonadas de piedra, carnes a la brasa y vinos de la tierra, fiestas de San Blas, procesión de Viernes Santo con hogueras en las puertas de las casas;
252;dónde comer carne a la brasa en una bodega con encanto;Vallibona;Castellón;63;666;4,0 h en coche;no;montañas de Benifasar, río Cérvol, romería cada siete años con Peñarroya de Tastavins, fiestas patronales en agosto, olla-recapte y carnes de matanza, cordero a la brasa, setas y miel;
253;dónde comer carne a la brasa en una bodega con encanto;Madridanos;Zamora;461;647;2,5 h en coche;no;Iglesia de San Esteban y retablo barroco, casas señoriales de piedra, finca experimental de agricultura ecológica y conservación de razas autóctonas, legumbres y productos de matanza, cocido y carnes a la brasa, fiestas de San Esteban en agosto, romería de la Virgen del Aviso, tradición de plantar el mayo y celebraciones de águedas;
254;dónde comer carne a la brasa en una bodega con encanto;Moradillo de Roa;Burgos;167;920;1,5 h en coche;no;Bodegas-cueva excavadas bajo un cerro, siete lagares, iglesia en la cima del montículo, tradición de reunirse y beber vino en las bodegas;
255;dónde comer carne a la brasa en una bodega con encanto;Villar de Canes;Castellón;156;668;4,0 h en coche;no;Sierra de Foies y varios barrancos y ríos, masía fortificada del siglo XVI, iglesia parroquial del siglo XVIII, manantial de la Masía del Senyor, fiestas de Sant Antoni y Sant Blai, vaquillas y toro embolado, olla tradicional y carne a la brasa con alioli;
256;dónde comer carne a la brasa en una bodega con encanto;Cardeñadijo;Burgos;1445;920;2,5 h en coche;no;Iglesia de San Martín Obispo, fiestas de El Carmen, San Martín y Santa Águeda, morcillas tradicionales, pan, carnes a la brasa y sidrerías;
257;dónde comer carne a la brasa en una bodega con encanto;El Toro;Castellón;256;1011;3,0 h en coche;no;Fiestas patronales desde el 15 de agosto, celebraciones de San Antón y Semana Santa, fiestas de la trilla, olla trufada, carnes a la brasa y rebollones, embutidos y jamones, dulces tradicionales como el pingano;
258;dónde comer carne a la brasa en una bodega con encanto;Arnoya;Ourense;949;76;5,5 h en coche;no;Valle entre montañas en la confluencia de los ríos Arnoia y Miño, paisaje de viñedos, bodegas de producción autóctona, balneario, encanto de pueblo rural;
259;dónde comer carne a la brasa en una bodega con encanto;Camarzana de Tera;Zamora;740;734;3,5 h en coche;no;valle del río Tera y paisaje llano, monte de encinas y bosque de ribera, fauna y aves abundantes, hígado de cerdo a la brasa y cuscarones, tradición de siega y trilla, vendimia artesanal en bodegas excavadas en barreros, matanza del cerdo;
260;dónde comer carne a la brasa en una bodega con encanto;Jambrina;Zamora;149;706;2,5 h en coche;no;Paraje natural de La Negrillera y aves protegidas, iglesia de Nuestra Señora de la Concepción con retablo del siglo XVII, casas señoriales de piedra, bodegas de tradición vitivinícola, alubias con carne y embutidos, fiestas de San Geminiano y semana cultural de agosto;
261;dónde comer carne a la brasa en una bodega con encanto;Sarratella;Castellón;113;781;4,0 h en coche;no;Sierra montañosa y abrupta, encinas y plantas aromáticas, ermita e iglesia del siglo XVIII, antiguas neveras y fuentes, fiestas de San Antonio y San Miguel, olla y carnes a la brasa;
262;pueblos tranquilos para desconectar;Beniardá;Alicante;226;464;4,5 h en coche;no;Paisajes del valle de Guadalest, junto al embalse y a los pies de la sierra de Aitana, tranquilidad, iglesia del siglo XVI y fuentes entre chopos, fiestas patronales y feria artesanal con música tradicional, olleta de blat, pilotes de dacsa, miel y buñuelos de calabaza;
263;pueblos tranquilos para desconectar;Iznájar;Córdoba;3676;522;4,5 h en coche;no;Embalse de Iznájar y río Genil, castillo árabe de Hisn Ashar, recinto amurallado medieval, iglesias y santuarios, casas cueva, tranquila vida rural en contacto con la naturaleza;
264;pueblos tranquilos para desconectar;Moyuela;Zaragoza;221;750;3,0 h en coche;no;Río Moyuela por el casco urbano, paisaje árido, cultivos de vid y cereal, pueblo tranquilo, fiestas patronales en agosto con ambiente agradable;
265;pueblos tranquilos para desconectar;Rellinars;Barcelona;926;322;6,0 h en coche;no;Paisajes del parque natural de Sant Llorenç del Munt i l’Obac, entorno natural tranquilo, iglesia prerrománica de San Pedro y San Fermín, restos romanos, fiesta local el último sábado de julio, destino de veraneo y segundas residencias;
266;pueblos tranquilos para desconectar;Espirdo;Segovia;1613;1062;1,0 h en coche;no;llanuras cerealistas onduladas, río Ciguiñuela y arroyos, rutas ecoturísticas y Camino de San Frutos, ermita románica de Veladiez, iglesia de San Pedro, fiestas de mayo, junio y septiembre, tranquilidad y parajes naturales, agricultura cerealista;
267;pueblos tranquilos para desconectar;Las Parras de Castellote;Teruel;61;697;3,5 h en coche;no;Molino oleario de Jaganta del siglo XVII, almazara visitable con mecanismo antiguo, noria restaurada, iglesias y ermitas históricas, mirador sobre el valle del Guadalope, romería de la Malena, fiestas con jotas y comida popular, ambiente tranquilo para vacaciones familiares;
268;pueblos tranquilos para desconectar;Carme;Barcelona;847;351;6,0 h en coche;no;Valle entre las sierras de Orpinell y Collbàs, bosques, terrazas y huertos, iglesia parroquial neoclásica, coplas tradicionales, pesebre viviente, cabalgata de Reyes Magos, ambiente rural y tranquilo;
269;pueblos tranquilos para desconectar;Gallegos del Río;Zamora;455;715;3,0 h en coche;no;entorno natural junto al río Aliste, ambiente de paz y tranquilidad, iglesia parroquial con cruz de plata y Cristo de las Injurias, casas tradicionales de granito con grabados, fiestas de San Isidro y San Pedro;
270;pueblos tranquilos para desconectar;Santa María del Monte de Cea;León;207;885;3,5 h en coche;no;paisaje de cerros y campiñas cerealistas, rebollares y robledales, tranquilidad y veraneo, pinturas murales renacentistas, horno cerámico bajorromano, arquitectura rural de adobe, fiestas de San Pedro;
271;pueblos tranquilos para desconectar;Añe;Segovia;67;878;1,0 h en coche;no;Ribera del río Moros y soto de fresnos centenarios, tranquilidad y observación de aves, pinares y tradición resinera, iglesia gótico-mudéjar y ermita románica, procesión y jotas en la Cruz de Mayo, fiestas de Juventud con campeonatos deportivos, paellada popular y verbena, matanza popular con comida y música;
272;Lugares con una iglesia cuyo campanario conserva elementos de una antigua mezquita y restaurantes de comida casera;Entrena;La Rioja;1660;559;3,0 h en coche;no;relieve llano y cerro de El Conjuro, calles escalonadas y concéntricas, iglesia de San Martín y convento de Santa Clara, enoturismo con bodega, hotel, restaurante y spa, romería de La Hermedaña y comida popular bajo las choperas, fiestas de San Cristóbal, pelota vasca y fútbol sala;
273;Lugares con una iglesia cuyo campanario conserva elementos de una antigua mezquita y restaurantes de comida casera;Guaro;Málaga;2638;354;5,5 h en coche;no;En la comarca de la Sierra de las Nieves, vistas panorámicas desde la ermita de Cruz del Puerto, iglesia de San Miguel construida sobre una antigua mezquita, ermitas de Cruz del Puerto y San Isidro, museo etnográfico del aceite, prensa árabe del siglo XII, tradición aceitunera desde Al-Ándalus;
274;Lugares con una iglesia cuyo campanario conserva elementos de una antigua mezquita y restaurantes de comida casera;Gelsa;Zaragoza;996;147;3,5 h en coche;no;margen izquierda del Ebro, barrio medieval de Los Cubiertos, iglesia de San Pedro sobre la antigua mezquita, ermita de Nuestra Señora del Buen Suceso, procesión de la Santa Espina, fiestas de primavera y fiestas mayores en septiembre;
275;Lugares con una iglesia cuyo campanario conserva elementos de una antigua mezquita y restaurantes de comida casera;Torrellas;Zaragoza;249;570;3,0 h en coche;no;sierra del Moncayo y río Queiles, iglesia con torre mudéjar y restos de antigua mezquita, torre del homenaje del castillo, plaza mayor porticada, centro de interpretación del legado musulmán, hogueras de San Antón, romería de la Dula, procesiones de Semana Santa;
276;Lugares con una iglesia cuyo campanario conserva elementos de una antigua mezquita y restaurantes de comida casera;Maleján;Zaragoza;282;472;3,0 h en coche;no;restos de la decoración de la mezquita, torres de un antiguo castillo, iglesia parroquial con capilla en un torreón, Fuente del Molino, fiestas de Santa Bárbara, tradición de la Subida de «El Mayo» desde la vega del río Huecha, Rave al aire libre con DJ nacionales;
277;Lugares con una iglesia cuyo campanario conserva elementos de una antigua mezquita y restaurantes de comida casera;Benirredrá;Valencia;1576;25;4,5 h en coche;no;Vertiente oriental de la sierra de Falconera, llanura con pequeñas ondulaciones al oeste, iglesia parroquial construida sobre una antigua mezquita, convento neogótico con torres gemelas y gran rosetón, ermita de San Antonio y su porrat, fiestas mayores en agosto en honor a cuatro patronos;
278;Lugares con una iglesia cuyo campanario conserva elementos de una antigua mezquita y restaurantes de comida casera;Pedralba;Valencia;3225;155;3,5 h en coche;no;río Turia y terrazas fluviales, sierras y paisaje de huerta, cultivos de cítricos, trazado de acequias de herencia árabe, minarete de la antigua mezquita, casas señoriales y restos de muralla;
279;Un pueblo con cine o teatro para hacer algo distinto por la noche;Burjasot;Valencia;41299;59;3,5 h en coche;no;llanura con pequeñas lomas, campus universitario, cine y teatro municipal, banda sinfónica y escuela de música, ferrocarril a escala en el parque La Granja, fiestas de Sant Roc en agosto, Roda de Sant Roc de interés turístico local, fiesta de la Virgen de la Cabeza en septiembre;
280;Un pueblo con cine o teatro para hacer algo distinto por la noche;Catral;Alicante;9600;13;4,5 h en coche;no;huerta irrigada por acequias, humedal de El Hondo y diversidad de aves, ecoturismo y casas rurales, romería de Santa Águeda, música, teatro, cine y exposiciones;
281;Un pueblo con cine o teatro para hacer algo distinto por la noche;Los Corrales;Sevilla;4021;385;5,0 h en coche;no;Iglesia de Santiago Apóstol del siglo XVIII, ermita de la Virgen del Buensuceso, feria de agosto, romería de la Fuente del Esparto, candelarias en febrero, sala de teatro-cine, paso del Camino de la Frontera hacia Santiago de Compostela;
282;Un pueblo con cine o teatro para hacer algo distinto por la noche;Ajalvir;Madrid;4868;647;0,5 h en coche;no;paisaje ligeramente montañoso y atravesado por un riachuelo, iglesia de la Purísima Concepción del siglo XVIII, ermitas de San Roque y la Soledad, fiestas de San Blas y la Virgen de la Espiga, tradición taurina con encierros y suelta de reses, Casa de la Cultura con cine, teatro y exposiciones;
283;Un pueblo con cine o teatro para hacer algo distinto por la noche;San Juan de Alicante;Alicante;26834;40;4,5 h en coche;no;Terreno llano, río Monnegre, Huerta de Alicante, iglesia de San Juan Bautista, Festival de Cine, actividades culturales, Nit Jove, Noche en Vela con música y gastronomía local;
284;Un pueblo con cine o teatro para hacer algo distinto por la noche;Arroyo de la Luz;Cáceres;5495;352;3,5 h en coche;no;ríos Pontones y Casillas, Día de la Luz en honor a la Virgen, fiesta de interés turístico regional, cine-teatro con corral de comedias y cine de verano, talleres de música y fotografía, escuela y banda municipal de música;
285;Un pueblo con cine o teatro para hacer algo distinto por la noche;Palacios de Goda;Ávila;396;820;1,5 h en coche;no;iglesia de San Juan Bautista, ermita de Nuestra Señora de la Fons Griega, procesión de San Marcos con rosquillas, fiestas patronales con disfraces y carrozas, campeonatos de galgos y juegos tradicionales, concentración de tractores, semana cultural con bailes, cine y teatro;
286;Un pueblo con cine o teatro para hacer algo distinto por la noche;Torre-Pacheco;Murcia;41479;40;4,5 h en coche;no;Llanura del Campo de Cartagena, Cabezo Gordo protegido por la Red Natura 2000, playas del Mar Menor próximas, iglesias y ermitas, casas solariegas, molinos de viento tradicionales, Semana de Teatro y festival de cine, fiestas de Trinitarios y Berberiscos;
287;Escapada en tren a una ciudad pequeña con historia industrial;Miranda de Ebro;Burgos;36622;471;3,0 h en coche;no;montes Obarenes, patrimonio histórico con puente de Carlos III, palacios del siglo XVI y teatro Apolo, estación ferroviaria histórica, carácter industrial y nudo de comunicaciones;
288;Escapada en tren a una ciudad pequeña con historia industrial;Almohaja;Teruel;10;1199;2,5 h en coche;no;Pueblo escalonado en la ladera de un montículo, pequeño valle con una laguna desecada, barrancos de rodeno, restos arqueológicos, antiguo trazado del tren minero Ojos Negros-Puerto de Sagunto, Parque Cultural de las Minas de Ojos Negros;
289;Escapada en tren a una ciudad pequeña con historia industrial;Puigreig;Barcelona;4565;455;6,0 h en coche;no;Río Llobregat, iglesias románicas con pinturas murales, puente medieval, castillo de Merola, colonias industriales Cal Vidal y Cal Pons, museos y patrimonio histórico-industrial;
290;Escapada en tren a una ciudad pequeña con historia industrial;Puebla de Segur;Lleida;3143;524;5,5 h en coche;no;Río Flamisell, montañas y valles del Prepirineo, embalse de Sant Antoni, tren turístico Tren dels Llacs con vagones de época;
291;Escapada en tren a una ciudad pequeña con historia industrial;Valverde del Camino;Huelva;12631;260;5,0 h en coche;no;Valles de los ríos Tinto y Odiel, dólmenes de Los Gabrieles, patrimonio industrial ferroviario del siglo XIX, casa de estilo inglés con museo minero, plaza de toros histórica, carnaval valverdeño;
292;Escapada en tren a una ciudad pequeña con historia industrial;Villanueva del Río y Minas;Sevilla;5073;72;4,5 h en coche;no;Ruinas romanas de Munigua en la Sierra Norte, conjunto histórico de Minas de la Reunión, iglesias mudéjar y neogótica, pasado minero e industrial, piragüismo en río y lago, subida cicloturista a Munigua, triatlón cros Sprint Minas de la Reunión;
293;Escapada en tren a una ciudad pequeña con historia industrial;Avilés;Asturias;75517;139;5,0 h en coche;sí;ría de Avilés, casco histórico con palacios, iglesias, plazas y parques, patrimonio medieval e industrial, Centro Niemeyer y Museo de la Historia Urbana, carnaval y Fiesta del Bollo, festivales de cine, cómic y música celta;
294;Escapada en tren a una ciudad pequeña con historia industrial;Valle de Achondo;Bizkaia;1342;170;4,0 h en coche;no;acantilados calizos de Anboto y Alluitz, desfiladeros con zonas de escalada, paseo por el antiguo trazado del tren minero, iglesias históricas y caseríos, ermita de San Roque y fenómenos de alineación solar, fiestas patronales en cada anteiglesia;
295;Escapada en tren a una ciudad pequeña con historia industrial;Peñarroya-Pueblonuevo;Córdoba;10244;537;3,5 h en coche;no;Patrimonio histórico, arquitectónico e industrial, legado de la minería y el ferrocarril, paisaje de Sierra Morena y el valle del Guadiato, río Guadiato y embalse de Sierra Boyera;
296;Escapada en tren a una ciudad pequeña con historia industrial;La Pobla de Lillet;Barcelona;1105;843;6,5 h en coche;no;A orillas del río Llobregat, Tren del Cemento y Museo del Cemento Asland, jardines de Can Artigas y chalet de Catllaràs de Gaudí, iglesias y monasterio románicos, Pont Vell románico, fiesta mayor en octubre y fiesta mayor pequeña en verano;
297;Escapada en tren a una ciudad pequeña con historia industrial;Langreo;Asturias;38612;1021;4,5 h en coche;no;Paisaje protegido de las Cuencas Mineras, montañas, praderías y bosques, patrimonio minero e industrial, iglesias románicas y neogóticas, estaciones y puentes ferroviarios históricos;
298;pueblo con restos de un pasado monastico junto a varios rios;Carracedelo;León;3423;455;4,5 h en coche;no;hoya del Bierzo entre los ríos Sil y Cúa, paisaje predominantemente llano, monasterio medieval de Santa María de Carracedo, iglesias románicas y barrocas, molinos, lagares y palomares tradicionales, fiestas patronales en varios pueblos del municipio;
299;pueblo con restos de un pasado monastico junto a varios rios;Vilabertran;Girona;961;19;7,5 h en coche;no;llanura ampurdanesa entre los ríos Manol y Muga, monasterio románico de Santa María, torre modernista d’en Reig;
300;pueblo con restos de un pasado monastico junto a varios rios;Melón;Ourense;1079;470;5,5 h en coche;no;relieve montañoso, pequeños ríos, sierras del Faro de Avión y de Chan de Moeiras, proximidad del río Miño, Monasterio de Santa María de Melón;
301;pueblo con restos de un pasado monastico junto a varios rios;Herce;La Rioja;340;593;3,0 h en coche;no;Ruinas romanas de Illurcis junto al río Cidacos, iglesia de San Esteban y ermita del Salvador, restos de un monasterio y un castillo, procesiones y tambores en Semana Santa, romería a la ermita, fiestas patronales con verbenas y torneos, chapapas y moscatel, dulce tradicional hormigo;
302;pueblo con restos de un pasado monastico junto a varios rios;Cabanas;Girona;995;26;7,5 h en coche;no;llanura del Ampurdán entre los ríos Muga y Llobregat, zona inundable, valle del río Muga, monasterio de San Feliu de Cadins, feria de la caña y festival de música de caña por San Juan;
303;pueblo con restos de un pasado monastico junto a varios rios;Estamariu;Lleida;135;1084;6,0 h en coche;no;Sierras pirenaicas junto al río Segre, iglesia románica de San Vicente, vestigios de ermitas y capillas, restos del monasterio de San Vicente de Pinsent;
304;pueblo con restos de un pasado monastico junto a varios rios;Gavet de la Conca;Lleida;252;421;5,5 h en coche;no;Castillo de San Miguel de la Vall, monasterio de San Privat de Barcedana, iglesias románicas en varios núcleos del municipio;
305;pueblo con restos de un pasado monastico junto a varios rios;Lorenzana;Lugo;2083;726;5,5 h en coche;no;Valle del río Masma, sierras del Macizo Galaico y sierra da Cadeira, ríos Baos y Batán, monasterio de San Salvador, castillo de Tovar;
306;pueblo con restos de un pasado monastico junto a varios rios;Bretó;Zamora;163;703;3,0 h en coche;no;Otero con vistas a la confluencia de los ríos Esla, Órbigo y Tera, iglesia de origen románico, restos del pasado monástico, romería de la Virgen de la Pedrera, fiestas de San Gregorio y patronales de agosto;
307;pueblo con restos de un pasado monastico junto a varios rios;Burgos;Burgos;177402;859;2,5 h en coche;no;Catedral gótica de Santa María, monasterio de Las Huelgas y cartuja de Miraflores, vidrieras históricas y arquitectura medieval, Camino de Santiago, zonas verdes junto a los ríos Arlanzón y Vena, Museo de la Evolución Humana;
308;pueblo con restos de un pasado monastico junto a varios rios;Masarach;Girona;287;85;7,5 h en coche;no;Terreno llano de relieves suaves, río Anyet, campos de cereales, viña y olivos, iglesia prerrománica de San Martín, monasterio de Santa María de l’Om, restos del castillo de Vilarnadal;
309;pueblo con restos de un pasado monastico junto a varios rios;Tirgo;La Rioja;167;521;3,0 h en coche;no;llanura fértil y ríos Tirón, Oja y Ebro, iglesia románica de El Salvador con pinturas góticas y capiteles singulares, monasterio de Santa María de Tirgo;
310;Un sitio con restos guanches y una basílica histórica;Santa Úrsula;Santa Cruz de Tenerife;15429;290;isla;sí;Costa atlántica y cumbres montañosas, barrancos y senderos, patrimonio guanche y casonas históricas, arquitectura tradicional canaria, ruta cultural por haciendas y ermitas, fiestas patronales en octubre, celebraciones populares en agosto;
311;Un sitio con restos guanches y una basílica histórica;Fasnia;Santa Cruz de Tenerife;3145;450;isla;sí;Cumbre central con la Montaña Abreu, barranco de Herques y cuevas con hallazgos guanches, ermitas e iglesias del siglo XVII, casas de toba volcánica, Camino Real, fiestas de San Joaquín y la Virgen del Rosario, senderismo y escalada;
312;Un sitio con restos guanches y una basílica histórica;El Tanque;Santa Cruz de Tenerife;2787;604;isla;no;Sin costa, paisaje de medianías y cumbre, cono volcánico de Montaña Grande de Abeque, restos arqueológicos guanches, iglesias históricas y arquitectura tradicional canaria, muestras etnográficas cerealistas, romería de San Alejo, antiguo Auto Sacramental de Nochebuena;
313;Un sitio con restos guanches y una basílica histórica;Arico;Santa Cruz de Tenerife;9505;556;isla;sí;Conjuntos históricos de La Villa de Arico, Arico el Nuevo e Icor, iglesia de San Juan Bautista y zonas arqueológicas guanches, fiestas patronales y Bajada de la Virgen de Abona, carnavales participativos, Feria del Cereal, rutas de la brea, la miel, la costa y el agua;
314;Un sitio con restos guanches y una basílica histórica;Candelaria;Santa Cruz de Tenerife;29023;240;isla;sí;villa mariana y lugar de peregrinación, basílica de Nuestra Señora de Candelaria, cuevas con vestigios guanches, fiestas de la Candelaria en febrero y agosto, peregrinaciones y romería ofrenda, encuentro histórico de las culturas guanche y castellana;
315;Un sitio con restos guanches y una basílica histórica;Tegueste;Santa Cruz de Tenerife;11490;390;isla;no;casco antiguo declarado conjunto histórico, cuevas guanches del barranco de Agua de Dios, arquitectura tradicional bien conservada, fiestas de San Marcos y la Virgen de los Remedios, arraigada tradición de lucha canaria, sin costa;
316;Un sitio con restos guanches y una basílica histórica;Guía de Isora;Santa Cruz de Tenerife;22654;540;isla;sí;Cumbre del cerro de las Chajoras, iglesias de estructura tradicional y artesonado mudéjar, yacimientos y grabados guanches, caseríos con viviendas-cueva, romerías y Pascua Florida, embarcación de la Virgen de Candelaria con espectáculo pirotécnico, Festival Internacional de Documentales del Sur, Certamen Regional de Arte Isora;
